,0
0,火）までに電話（☎３２‐０８９１）でお申し込みください。※託児（無料）あります。申し込みの際にご予約ください。（託児対象：満１歳〜就学前児）市民活動センター登録団体活動わくわく体験クラブ主催：ＮＰＯ法人おやこ劇場松江センター
1,１月８日午前十時から直接または電話で中央図書館４階メインカウンター（☎七百二十八．八二二〇）へ。※１回の申し込みで２人まで可子どもセンターばあん【ばあんシアター「胡弓コンサート〜心温まる芳晴の歌とお話
2,十一月９日（日）、午後１時三十分〜３時対象：どなたでも百五十人（無料）申し込み：十月十日（金）、午後１時〜、電話で長田生涯学習センターへどうぞ（申し込み順）大里生涯学習センター
3,午前十時三十分〜正午（いずれか１日）会場／アルヴェ４階和室定員／各十五組申し込み／十月二十二日（水）午前９時から子ども未来センター☎（八百八十七）五千三百四十ばっけの会
4,先着各十二人。費用受講料千八百円（材料費込み）。持ち物エプロン、三角巾、持ち帰り用容器。申し込み十月二十三日（木）午前９時から窓口または電話で申し込み。申し込み先・詳細星置地区センター
5,２月は、保健師が来ますので育児相談もできます。対象・定員・費用乳幼児とその親三十組・無料申し込み不要直接公民館へ中央図書館（浦和区東高砂町）ＴＥＬ八百七十一．二一〇〇ＦＡＸ八百八十四．五五〇〇休館日：２月４日（
6,十一時三十分、総合福祉会館（堺区南瓦町２）で。子育て支援者・サークル・子育て中の保護者の方が対象。申し込み郵送かＦＡＸで住所、氏名、一時保育（先着二十人）を希望する場合はその旨
7,同意が必要）内容会場内エコステーションでのごみ分別案内など定員百人程度参加費二百六十円（ボランティア活動保険料）申し込み６月二十七日（金）までに、申し込み書を、郵送・ファクス・Ｅメールで同事務局（〒５１６‐８６０１岩渕
8,に違いない。「いつ申し込みをしたんだ？」「おすっ！申し込みとは、何でありましょうや？」七海マラソンの参加には事前の申し込みが
9,紙おむつが必要な状態の人（入院・入所している人を除く）種類：１紙おむつ２尿取りパッド３使い捨て手袋４使い捨てウエットタオル申し込み：所定の申請書に必要事項を記入し、健康増進課窓口へ＊申請者には審査後、支給決定の要否
10,を明記し、市観光協会（〒３７７‐８５０１・石原八十）へ郵送※電話、ファックス、Ｅメールでの申し込みはできません。◆申し込み期限十一月二十一日（金）（当日消印有効）詳しくは、
11,場合、十一月二十三日（日）に実施。集合場所／塩江中学校グラウンド清掃場所／塩江町内一円申し込み／環境指導課適正処理対策室（☎八百三十九．二三七〇）、塩江支所（☎八百九十七．〇一三一）へ。市民農園利用者開設場所／木太レクリエーション農園
12,に参加できる二十歳以上の上田市民●定員四十名（応募多数の場合抽選）●参加費二千円●申し込み５月７日（水）〜二十三日（金）の期間の午前８時三十分から電話で
13,とその親●内容ハンカチ遊びほか●講師■■■■■氏●持ち物ハンカチ●申し込み２月二十七日（水）から移動消費生活講座高齢者を中心とした訪問販売などの消費者トラブルや
14,ためだ。Ｗ杯日本組織委員会（ＪＡＷＯＣ）が行った一次販売は昨年二月から三月にかけて申し込みを受け付けたが、平均七十―八十倍の高倍率となり、完売。昨年末の二次販売も日本戦など
15,，記事に明示します。●特に書いていない場合，１行事（コース）１人１枚の申し込みです。●申し込み先の市内施設の住所は見出し部分や頁下の欄外，最終頁をご覧ください（市役所内
16,を唄いましょう￥●５月２日・十六日・三十日の金曜午後１時三十分〜３時三十分●申し込みは４月二十五日まで抽親子で体操￥２〜３歳クラス●５月８日（木）〜７月十日（
17,いつ契約が成立したことになるのでしょうか？ここで問題となるのは、売主の申し込みはあったのか、また買主の承諾はあったのか、ということです。
18,１‐９‐８）人どなたでも六十人（申し込み順、小学生以下は保護者の申し込みと当日の付き添いが必要）費無料申８／二十二（金）十：００から
19,〜十一時三十分▼ところ町民会館２階大会議室▼対象町内在住で特別支援教育に関心のある保護者▼申し込み９月十二日（金）までに社会福祉協議会窓口へ。知的障害児・者連絡協議会会員は会長まで▼問合せ地域福祉係
20,を除く）／いずれも午前８時三十分〜午後５時【共通事項】ところ市消防本部定員申し込み先着百三十人申し込み・問い合わせ消防本部、中央・東消防署、各分署に備え付けの申し込み用紙に必要事項を記入し、費用を
21,２／Ｓ・Ｔ、または同一教室の重複申し込みは無効＊詳細はお問い合わせください。地区センターなどから申し込み方法申し込み、参加費などの記載がない場合は当日参加、無料。参加費は特に記載がない場合
22,）十四時〜▽受講料＝無料▽対象＝雇用保険受給者など▽事前に電話で申し込みが必要☎８３０‐１１９２北野働く女性の家北野町中三千二百九十八の２☎七十八．五九三九ＦＡＸ七十八．五九九一【麦を
23,の相談に専門のカウンセラーが応じます▽相談料＝無料▽事前に電話で申し込みが必要。８月十八日（月）、９月１日（月）は休館申同ホーム（☎三十四．四九九六
24,十二日（日）、午後５時三十分〜８時三十分会場＝国道五十号本町通り対象＝どなたでも申し込み＝９月十日（水）までに所定の申し込み用紙に記入し、商工会議所☎２３４‐５１１１、にぎわい観光課☎
25,は効力を失うので，申し込み受領者はそれに対して承諾をすることができなくなる（五百二十五条前段）。申し込みの相手方が，申し込み者が死亡したり，能力を喪失したことを知っている場合には
26,合格発表前でも申し込みは可能です。返還卒業６ヶ月後から月賦で８年以内（無利子）問・申し込み／学校教育課総務係（高田庁舎）☎五十五．一一八一ＴＲ高田会町民号参加者募集中高田地域出身で東京圏に在住されている方と交流
27,無料クレジットカード得クレジットカード海外クレジットカード特典クレジットカード申し込みクレジットカード種類クレジット年会費無料クレジットカードクレジットカードとはクレジットカードガソリンクレジットカード一覧クレジットカード人気ランキングクレジットカード加盟
28,瀬谷スポーツセンター【対象・定員】区内在住の親子三十組先着順【参加費】無料【持ち物】ラケット、体育館シューズ▷申し込み８月十一日から三十一日までに、同協会（イシケンスポーツ店内☎３０１‐６０４４水曜日定休）へ直接または、
29,キッズなどを利用していない方を優先します。▶定員各グループ十組程度（申し込み順）▶申し込み５月十二日（月）〜十六日（金）の９時〜十七時に電話で登別子育て支援センター申し込み・問い合わせ
30,居住地の保健センターなどへ。保健所インフォメーション●次の検査は予約が必要です。ところ▼高松市保健所申し込み▼感染症対策室（☎八百三十九．二八七〇）へ。◆エイズ検査とき／毎月２回（匿名での予約）
31,日）、午前９時〜午後４時内容：花苗、鉢花・園芸資材などの販売、緑化講習会、ふれあいミニ動物園ほか申し込み：当日、直接会場へどうぞ問合せ：市公園計画課（☎２２１‐１２４９）秋の森体験！井川峠笹山自然ウォッチングとき：
32,十五：００●ＵＮＥＸビル６階●電話またはファクスで共通と（利用・提供どちらか）を記入して申し込み３福祉総合相談●７月８日（火）・８月５日（火）十三：００〜十六：００●当日直接会場へ善意
33,：９月十三日（土）、午後２時〜４時対象：どなたでも百人（無料）申し込み：当日、直接岡生涯学習交流館へ（先着順）※公共の交通機関をご利用ください。問合せ岡生涯学習交流館☎
34,水）午後１時三十分〜３時三十分場所高齢者ふれあい福祉センター（小林）定員三十六人（先着順）申し込み電話で高齢者福祉課へ※詳しくは、高齢者福祉課へお問い合わせください。こそだて乳幼児の健康診査など浜北保健センター分室
35,死を防ぐために定員三十人（先着順）講師■■■■さん（浜松労災病院医師）持物筆記用具申し込み十一月５日（水）から電話で浜松アリーナへ【十一月十八日（火）締め切り】子ども
36,は妨げられないからである。（２）契約の申し込みの場合（五百二十五条）申し込みは，承諾者の意思とが合体して契約を成立させることを目的として行わ
37,生後二十八日以内の赤ちゃんとその母親（里帰り出産で期間内に市内に居住している方も含む）申し込み母子健康手帳別冊に添付の「出生連絡票」の訪問希望「有」に○をつけ、早めに
38,（中学生は除く）。費用四千百円（バドミントンは四千六百円）定員各四十名。申し込み多数抽選。申し込み４月十日（木）まで。詳しくは、区役所や大阪市サービスカウンターなどに設置のリーフレットを
39,旅雑誌の現場から〜講師（株）交通新聞社「旅の手帖」編集長■■■■氏参加費無料※申し込みは不要です。「子ども虐待・ＤＶ問題をめぐって」講演会保健福祉部子ども総合支援室（あいあい☎８３‐２４２５）激変する
40,、保護者の同伴が必要です。■定員二十名（先着順）■参加費無料■申し込み十月九日木から二十三日木までの午前八時三十分から午後五時三十分までの間に本宮行政局産業建設課（
41,男女共同参画センター講師大正大学主任教授■■■■氏※保育（６か月〜就学前）は予約申し込みが必要。申し込み２月二十五日までに電話またはファクスで男女共同参画センター☎四百九十五．七〇〇二ＦＡＸ四百九十五．七〇〇八へ雅楽のお話と
42,午前中は予約なしの電話相談（☎四百九十五．七〇〇三）へ。保育（土曜日はなし）は予約申し込み。申し込み男女平等推進室☎四百九十五．七〇〇二母子・父子・女性相談日時毎週月曜日〜金曜日の午前８時三十分〜午後５時場所市役所
43,〜十二：００【場所】児童館クラブ室【対象】幼児・小学生【定員】二十人【料金】無料【申し込み】６／７（土）十：００〜受付、先着順（電話申し込み可）。上位４人は６／二十二（日
44,、電波も変わらないし、私の行動範囲内では、電波は問題なしです。ただ、申し込みの際また、ドコモまで行かなくてはいけないので、先に申し込んで、半月くらい様子み
45,ほかに毎回施設利用料が掛かります（一般三百九十円、高齢者百三十円、高校生二百三十円、小中学生無料）。申し込み７月十一日（金）〜十九日（土）午前９時〜午後８時に、電話または
46,人（参加できるのは１歳〜１歳十一カ月に１回だけ）▼参加費無料▼申し込み電話かファクスまたはメールで保護者と子どもの氏名・生年月日、地区名、電話番号を乳幼児相談センターへ
47,一時半〜午後三時■定員八百人■受講料五回通しで五千円（分割受講は不可）■申し込みはがきかファクスに住所、氏名（ふりがな）、電話番号、「夏季大学希望」と書いて
48,が加入し、広域的に活動しています。●ファミリー・サポート・センターに入会するには入会金は無料です。申し込みには、印鑑・写真２枚（依頼会員の場合は保護者の写真・３ｃｍ×３ｃｍ程度）が必要
49,土）午後１時〜４時、旧田中家鋳物民俗資料館。対象は小学４年生〜大人。参加費八百円。▼申し込み往復はがきに住所・氏名・電話番号、講座名を書いて〒５７３‐０１５５藤阪天神町５‐１旧田中家鋳物民俗資料館へ。２月十日必着。
50,いうことになるでしょう。判断能力とは別の面から、特定商取引に関する法律に基づく契約の申し込みの撤回や解除という方法でお金を取り戻すことも考えられますが、この撤回や
51,の十四の１）など▽講師地域づくりプロデューサー／■■■■▽定員十五名（選考）▽申し込み申し込み用紙を電話で請求の上、「どのようなガイドになりたいか」を
52,）十時〜十五時（受付９時三十分〜）雨天決行※何時からでも参加可。申し込みの必要なし●対象どなたでも（小学生以下は保護者同伴）●参加費一人二百円（保険
53,も不安です。同じような経験を乗り越えた方、ぜひアドバイスをお願いします！もう申し込みはしているのですよね？それなら３月になったら求人を見て、探すの
54,）で自然を満喫しよう対象：どなたでも各四十人（無料）※小学生以下は保護者同伴申し込み：９月十日（水）〜、電話かＦＡＸで市農林総務課（☎３５４‐２１９３・ＦＡＸ３５４‐２０５４・申し込み順）へどうぞ
55,に道場に姿を現さない。多忙が一番の理由だが、柳生道場は他流仕合の申し込みが極めて多いせいでもあった。柳生新陰流は御流儀ゆえ、他の流派に負ければ
56,市内在住、在勤、在学の方【申し込み方法】すべての講座についてインターネットと往復はがきで申し込み※締切日必着※申し込み多数の場合は抽選☆インターネットによる申し込み→電子申請サービス（ｈｔｔｐｓ：／／ｗｗｗ．ｅ‐ｓｈｉｎｓｅｉ．ｃｉｔｙ．ｎａｇｏｙａ．ｊｐ／）☆往復はがきによる
57,〜５時●会場＝水の森温水プール●定員＝各回十人〔先着〕●申し込みは１人１回のみ●費用＝千五十円申９月８日午前十時から電話または直接水の
58,申し込みさせてください」と連絡をしておいた方が良いでしょうか？こんな風に一度申し込みを失敗してしまうと、一層審査に通りにくくなってしまうのでしょうか？どうかお知恵をお貸しください。
59,を印刷しよう。日時４月十三日（日）、５月十一日（日）十四：００〜十五：００※申し込み不要（同伴の保護者一人入館無料）協賛事業◆さくら茶会協賛「ミュージアム・コンサート」日時４月十九日（土）
60,氏定員四十人程度（先着順）参加費百円※中学生以下、七十歳以上、心身障害者は無料です。申し込み当日、会場受付第二十八回こんにちはファミリーウォーク〜歩こう！水仙と海の文化地区越廼〜スポーツ課☎
61,よ。ここのところの一つ一つを調べてみました。彩色手芸という会社では、申し込みが三百八十四人でした。そしてその初めの月に材料費や講習料に二万四千円払いました。
62,、十五日、二十五日に行われ、多くの人でにぎわう。（左）セリには申し込みを行えば自由に参加でき、一般の人が直接購入することもできる。（上）
63,◆流し踊り出場団体踊りおどるなら「にしなす音頭」！※９人以上のグループで申し込んでください。申し込みふれあいまつり実行委員会事務局（西産業観光課内）☎（三十七）五千百七二千八年那須野巻狩まつりスタッフ大募集今年も十月二十五日（土
64,１事業につき、補助対象経費の２分の１以内の額で、十万円を限度とします。■申し込み所定の申請書（文化振興課にあります。）に事業計画書等の必要書類を添えて、十月
65,抽選）▼参加費二千五百円（昼食代、入館料などを含む）※当日集金します。▼申し込み十一月十二日（水）（消印有効）までに、往復はがきに住所、氏名、年齢、
66,十一時三十分、十三時〜十六時。交通事故相談・水曜十三時〜十六時▽筑後弁護士会館▽事前の申し込みが必要申久留米法律相談センター（☎三十．〇一四四）県若年者しごとサポートセンター無料相談▽月〜金曜十時〜十九時、土曜十時〜十七時
67,から徒歩約５分）▼貸出予定期間４月下旬〜十月下旬▼面積１区画四十九平方メートル▼区画数四十区画※申し込みが区画数を超えた場合は抽選します。▼設備水道施設、簡易トイレ▼利用料金年額
68,の必要はありません。配達記録郵便の郵送時に不在の場合は配達記録による郵送の申し込みをしている人で、保険証の配達時に受取人が不在の場合は、「郵便物お預かり
69,平成十九年７月生まれの子どもを持つ保護者／二十人《共通事項》場所浜北保健センター分室（平口）申し込み往復はがきに教室名、住所、氏名、電話番号、希望コース名、子どもの名前（ふりがな）・
70,ウイング・ウイング高岡４階）定員四百人（申し込み順）講演私の歩みきた道（インテックホールディングス代表取締役会長・■■■■さん）申し込み電話で、十一月十日（月）〜二十日（月）に、アバンサルプラザ高岡へ。
71,に関するワークショップほか、▼共通の部…屋台村での昼食・集合学習ほか【費用】無料（昼食付き）【申し込み】ファックスか電子メール（住所・保護者の氏名（ふりがな）・電話番号、子どもの氏名（ふりがな）
72,原動機付自転車の免許を取りたいのですが・・申し込みの方法やお金などが分かりません・・誰か教えて下さい。あと何日でとれ
73,十二月生まれの子ども▼共通事項受付時間：午後１時〜１時三十分場所：保健センター内持ち物：母子手帳、問診票申し込み：不要直接会場へ注意事項：体調が悪い子どもは、他児への感染のおそれが
74,、午前十時四十分〜十一時四十分（どちらも同内容）場所：保健センター内持ち物：バスタオル、タオル申し込み：不要直接会場へ問合せ：健康増進課保健予防担当（保健センター内）内線６１１■成人健康相談日時：３月３日
75,、午後１時四十五分〜２時半▽演者…笑福亭松枝さん▽定員…先着二百人▽参加費…無料▽申し込み…十月十四日（火）〜三十一日（金）に環境企画課へ。《エコファミリー認定証の交付・標語考案者の
76,）申し込み方法（がん検診など）郵送（はがきまたは封書）のみで受け付けます。電話の申し込みはありません。＊申し込みは１人につき１通必要です。＊郵送（はがきまたは
77,六十歳以上の人費用千五百円（初回に集金）持物エプロン、三角巾、ふきん２枚申し込み十二月１日（月）午前９時から電話または直接、高齢者ふれあい福祉センター（☎五百八十七．四八三〇）へサンライフ浜北
78,土）（雨天は二十四日（日）に順延）に開催します。ステージ出演やパレード参加の申し込みは募集要項網が決まりしだい村ホームページなどでお知らせします。多くの皆さんの参加をお待ちしています。譲っ
79,二十一．三／十七の方）２１歳未満のふたご以上の赤ちゃんとその保護者（初めての方を優先）申し込み８／十八（月）９時〜、電話で見沼区保健センターへ。ＴＥＬ６８１‐６１００成人保健事業名健康保険日時・会場
80,古式豊かな行列を形成し、高原熊野神社周辺を歩きます。■日時十一月３日月祝午前十時〜■申し込み十月十日金から受け付けますので上記まで電話でお申し込みください。※定員になり次第締め切ります
81,無料▽定員＝二十人・先着順▽申し込み開始＝８月８日（金）。託児は事前の申し込みが必要申田主丸総合支所保健福祉課（☎０９４３・７２・２１１３、ＦＡＸ０９４３・７２・３８１９）観光フォトコンテスト▽作品規定＝１月１日（祝）から
82,※高校生以下の場合は保護者の同意が必要です。※グループ・職場はもちろん、個人での申し込みもかまいません。申し込み・問い合わせ先尾道港祭協会（観光課内☎０８４８二十五七千百八十四ＦＡＸ０８４８
83,は、営業所等において（法２条１項２号）（対象）指定商品・役務・権利の（行為）契約の申し込みを受け、または契約を締結して行う取引（１）販売業者または役務提供業者（主体）
84,。申し込み期限１月７日（水）その他教育費以外に利用者会費として、千円が必要です申し込み勤労青少年ホーム（午後１時〜６時三十分。土・日曜、祝日を除く）☎（七十三）
85,千五百一）【定員】四十人【料金】無料【主催】なごや福祉用具プラザ【共催】千種・名東・守山区役所福祉課・同区社会福祉協議会【申し込み】５／十三（火）より下記にて受け付けます【問合】なごや福祉用具プラザ☎８５１‐００５１ＦＡＸ８５１‐００５６
86,を行います。健康増進室は、この講習会を受講された方のみご利用いただけます。事前の申し込みが必要になります。講習会に来られる方は、室内運動靴・運動しやすい服装・汗ふきタオルなどをご持参ください。
87,記載のないものは区役所で開催します。・すべての講演会には、電話での申し込みが必要です。申健康長寿課（☎９４３‐９７３１ＦＡＸ９２３‐５０９８）へ▼講演会２／４月生活習慣病予防講演会先着百五十人◎
88,１月十六日〜十八日、午後７時開演／会場＝同大学第３号館（駐車場はありません）／申し込み＝電話（午後３時〜９時受付）またはＥメールに、観劇日時・氏名・連絡先・希望チケット枚数を明記し、同大学（☎七百三十九
89,〜就学前の親子＝４月二十四日、５月二十九日、６月二十六日、７月二十四日、９月十八日。申し込み直接か電話、ＦＡＸで４月４〜９日に同センターへ。初めての方優先で抽選各十五組。
90,及び主催者認定の者定員…十チーム（１チーム３人以上）持参するもの…帽子、手袋など問・申し込み…保健体育課☎９２４‐２４５１市民文化センター特別開館市民文化センターは、これまで毎週月曜日が休館日でしたが、９〜十二月の
91,万葉の森公園（平口）定員三十人（先着順）費用百円（材料代として）申し込み２月３日（日）午前９時から直接または電話で伎倍の茶屋（☎五百八十五．六三五五）
92,Ｅグループは平成二十一年４月４日時点で小学４〜６年生の男女）◎申し込み○はがき、ＦＡＸでの申し込みの場合記入事項【必須】住所、氏名、年齢、性別、電話番号、希望の役柄（
93,考えます。定員／塩江町在住者、ＮＰＯ、コミュニティ関係者先着三十人参加費／二百円（飲み物代）申し込み／電話、ファクスまたは直接市ボランティア・市民活動センター（田町☎八百三十五．〇一二二ＦＡＸ八百三十五．〇〇九八）へ。たかまつ古今東西
94,、報告とシンポジウム。参加費無料（ただし、資料代五百円と博物館の入館料二百円が必要）。申し込み不要。ハイキング◇十二支の山・酉シリーズ「貝ガ平山〜鳥見山」５月８日８時、近鉄鶴橋駅・ＪＲ環状線外回り連絡改札口集合。コースは榛原駅
95,毎月第２火曜（８月を除く）午前十時三十分〜十一時三十分●六十五歳以上、１人暮らし、介護者優先●申し込みは４月十五日まで抽ベビイとママの体操￥●５月十九日（月）〜十月６日
96,に申し込み者の郵便番号、住所、氏名を記入し郵送で。９月三十日（火）必着。申し込みはハガキ１枚につき１人。申し込み先・問い合わせ先〒６４０‐８５１１和歌山市七番丁二十三番地城フェスタ実行委員会（観光課内）「こども茶道体験」係
97,退院した。九月の認定を受けた時点で、市でやっている介護保険事業への申し込みをした。公民館で出会った仲間からも市がやっている介護保険を受けている実態
98,：整形外科医の講演「転ぶと怖い骨折のお話し」など定員：二百人（無料）申し込み：当日、直接会場へどうぞ問合せ：浜本整形外科医院（☎２４８‐６６６５）●パーキンソン病とうまく付き合うためにとき
99,のは、約十人以上で構成された自治会・町内会や学校、商店街などの団体です。皆さんの申し込みをお待ちしています。＊詳細は問合せ先へ『瀬谷道路まつり二千八』開催のお知らせ道路ふれあい月間に
100,０５２（５８１）２２８１ＦＡＸ五千五十二（五百八十一）二千二百八十三主催・問い合わせ岐阜県総合政策課少子化対策担当☎０５８（２７２）８０７７※ホームページからの申し込みはこちらへｈｔｔｐ：／／ｗｗｗ．ｐｒｅｆ．ｇｉｆｕ．ｌｇ．ｊｐ／ｐｒｅｆ／ｓ１１１２１／ｓｈｏｓｈｉｋａｓｅｉｓａｋｕ／ぎふ清流国体ソング募集平成二十四年秋に開催されるぎふ清流国体（国民体育大会）、ぎふ清流大会（全国障害者スポーツ大会）
101,源氏物語後半の宇治十帖、紫式部が生きた時代背景などを解説定員：三十人（無料）申し込み：９月十二日（金）、午前十時〜、電話か直接駒越生涯学習交流館へどうぞ（申し込み順）
102,出逢いのおハナシを書きましたが。数は多くなくてもやはり申し込みはある訳で。中には一体ワタシにどうしろと・・・？？
103,三十分〜７時で２週間のうち７日間。月給９万七千七百円。雇用期間は４月１日から１年間。▼申し込み２月１日〜８日に輝きプラザきらら３階教育総務課にある所定の申し込み書（同期間中配付。市ホームページから取り出し
104,会場＝総合福祉会館（日吉町二丁目）対象＝市内在住・在勤・在学で十八歳以上の初心者、先着十五人費用＝千五十円申し込み＝８月十五日（金）までに障害福祉課☎２１９‐２００１へ地域福祉を考える委員を募ります
105,豊川コミセン／対象小学２〜５年生※要送迎／料金年額一万円（他諸経費）／申し込み６月三十日（月）まで■■☎■■■■■■■■大成バドミントン同好会／とき火・木曜日十五時
106,御所野交流センターで。参加無料。直接会場へ。歌うかたは申し込みが必要です（先着二十五人）。申し込みは、十月二十日（月）午前９時から、御所野交流センターへ。☎（八百二十六）０６７１鳥海山獅子ヶ鼻湿原探訪
107,）場所：子育て支援センターくぷる▼共通事項時間：午前十時三十分〜十一時費用：無料申し込み：不要直接会場へ■新刊図書紹介（予約できます！）『乳と卵』川上末映子
108,に在住する親子▷内容友だちづくり（先輩ママたちが相談にのります）▷参加料無料※申し込みは不要ですので、直接会場まで来てください。問合先育児サークル連絡協議会サークル応援団の■■さん☎■■■■■■■、
109,‐０１２３講座７月の講座の受講生を募集します。主催：北部生涯学習推進センター共催：名桜大学※申し込みは講座前日まで受け付けます。島ぞうりアレンジ〜島ぞうりを自分風にデザインして彫ってみませんか〜◇
110,を提供３日は手遊び・指遊び十七日はおしゃべりと体操対象・定員・費用２歳までの乳幼児とその保護者・三十組・無料申し込み不要直接公民館へ大東公民館（浦和区大東）ＴＥＬ八百八十六．〇六五六講座名子育てサロンぽっかぽか日時９月
111,午前十時〜午後３時会場／サンパル秋田受講料／千五百円定員／十人（抽選）申し込み／往復はがき（１人１枚）に、講座名、住所、氏名、年齢、電話番号、相談希望日を
112,〜４時場所まなびパークたじみ５階学習室Ａ対象おおむね小学４年生〜おとな※参加無料、申し込み不要問い合わせ人権推進室■■、■■内線１４６２十月二十日〜二十六日は行政相談週間です行政週間
113,旨又は承諾しない旨（その受領前にその申し込みを承諾する旨又は承諾しない旨をその申し込みをした者に通知している場合には、その旨）その他の主務省令で定める
114,、若しくは指定役務を提供する契約であつて次の各号のいずれかに該当するもの又はその申し込みについては、適用しない。一特定商取引に関する法律第二十条第四項に規定する指定商品（同法第九条第一項
115,休日】土・日・祝日、小学校の夏休み・冬休み・春休み（勤務の指示がある日を除く）、有給休暇あり【申し込み】２／十八（月）までに下記へ電話連絡のうえ、履歴書を持参【問合】区役所まちづくり推進室
116,栄養の話や調理実習、ゲームなどを通じて食事や栄養の重要性を学びます。エプロン・三角きん・手ふきタオル・筆記用具持参。申し込み７月２日から電話かＦＡＸで希望する保健センターへ。献血７月十日市役所前、十五日大仙小学校７月
117,２４３‐４４９７卓球教室￥●９月９日〜十一月二十五日の毎週火曜午前９時三十分〜十一時三十分●市内在住●申し込みは７月十五日から先ストレッチ体操教室￥●９月十二日〜十一月十四日の毎週金曜午前十時〜十一時●
118,７千五百円）・テキスト代は年間２千円程度２パソコン教室生徒（４月）日時・内容・費用左表の通り場所（社）清瀬市シルバー人材センター申し込み１は電話またはファクス２は３月二十四日までに往復はがきにコース名・受講月・住所・氏名・電話番号・返信宛名を記入の上、
119,がやってくる）。費用参加無料。申し込み８月十一日（月）から電話で申し込み。申し込み先・詳細保健センター☎（六百八十一）千二百十一がけ防災パネル展がけ崩れの危険性や、がけ地の保全方法
120,受付。申し込み用紙は和歌山市ホームページからダウンロードするか、メール（ｋａｎｋｏ＠ｃｉｔｙ．ｗａｋａｙａｍａ．ｌｇ．ｊｐ）等で請求を。３の申し込みは【（社）和歌山青年会議所ＴＥＬ４２８‐３３３４ＦＡＸ４３１‐１６９３】詳しくは【観光課ＴＥＬ４３５‐１２３４】９月十日は「下水道の日
121,到来と美しいまちづくり」、トークセッションほか定員二百人（先着順）講師■■■■さん（静岡文化芸術大学学長）ほか申し込み十二月１日（月）からファクス（ＦＡＸ４５７‐２２８３）またはＥメールで、住所、氏名、
122,〜６年生。定員先着十六人。費用教材費五百円（当日納入）。持ち物筆記用具。申し込み６月十一日（水）〜十七日（火）に窓口、電話で受け付け。◆健康づくり講演会
123,問☎三百三十二．八七四〇同課下水道の各種届け出や問い合わせの受付窓口引っ越しに伴う精算、使用開始や口座振替の申し込み、届け出内容の変更は、第一環境（株）が受付窓口となります。（河川・下水道管理課）第一環境株式会社（市川市下水道使用料徴収事務受託者
124,▽二千九年干支「丑」・指編みで作るクリスマスリース・クリスマスブーツ・簡単ソックス２人形部門▽木目込み人形「丑」受講料／無料（材料費が別途必要）申し込み／はがきに住所・氏名・電話番号・希望部門・製作物を書いて、十一月十二日（水）まで（必着）にシャルムドレスメーカー専門学校「手作り講座」係（
125,ひらき方を学び、アジのたたき、いか飯などを作る対象：成人男性十六人会費：千円申し込み：９月十二日（金）、午前十時〜、電話で西奈生涯学習センターへどうぞ（申し込み順）駿河区
126,場所・定員子ども夢パーク。小学生以上の三十人申問７月二十五日までに住所、氏名、電話番号（ファクスで申し込みの場合はファクス番号も）、学校名、学年を記入し、往復ハガキかファクスで〒２１２‐８５５４「
127,もさまざまな行事を行っています。○幼児は保護者と一緒に参加してください。○申し込みが必要な行事は、本人が直接申し込んでください。区内各施設講座等のお知らせ東区わくわくスポーツ倶楽部メンバー募集
128,（契約年数が満了後も継続する場合は三千円）となっています。サービス開始当初は月四十〜五十件の申し込みでしたが、平成十四年３月には四百件に届く勢いです。また、今後レンタル
129,注文者にベターな紛争処理機構利用の可能性を提供するものであって，「請負人は仲裁条項により仲裁契約の申し込み（仲裁付託の意思表示）をし，この申し込みは紛争が発生し注文者が仲裁を利用するか
130,…若干名♠第１次試験…十一月８日（土）♠採用予定日…二十一年４月１日（水）♠申し込み…申し込み期間内に、市指定の履歴書と申し込み書を持参か郵送で、人事課（〒６１１‐８５０１住所省略可）
131,三十名日時２月二十二日（金）午後１時三十分〜３時三十分場所健康センター指導清瀬消防署救急隊申し込みいずれの事業も２月１日から電話で健康推進課へ東京都の肝炎ウイスル検診対象過去
132,に、課題曲に振り付けをした映像（ＶＨＳまたはＤＶＤ）を提出していただきます。※申し込みをした人で希望する人には、課題曲の音源を差し上げます。▽振り付けの
133,。対象は全回出席できる六十五歳未満で、へそ周り八十五ｃｍ以上の男性、九十ｃｍ以上の女性。参加費五百円。▼申し込みはがきに住所・氏名・年齢・性別・電話番号・受講動機、教室名を書いて〒５７３‐１１９７禁野本町２‐十三‐十三保健センターへ。２月十五日必着
134,（２日目の昼食は個人負担）。貸し切りバスによる送迎となります。詳しくは左記へ。申し込み２月十五日から電話で清瀬市立科山荘☎０２６７・５１・２３００へお茶の間寄席お茶の間のような雰囲気でアマチュア落語家の
135,ます対象４月１日現在、市内在住の二十歳以上で、地域福祉に関心がある人募集人数２人程度申し込み４月二十一日（月）までに、応募用紙（生活支援課にあります）を生活支援課へ審査方法
136,、活動に役立つ手帳などを配布。会員登録は無料です◆活動期間二十一年３月まで◆申し込み環境政策室（市役所７階）、各支所・出張所などで配布の申し込み書に必要事項を書き、持参か
137,対象市内に住所を有する人定員８人（定員を超えた場合は抽選）申し込み相談日当日の午後１時十五分までに広報広聴課へ来所とき６月５日（木）、午後
138,）家賃１ＤＫ＝１万五千九百円〜２万六千四百円２ＬＤＫ＝２万五千八百円〜４万二千八百円３ＬＤＫ＝３万九百円〜５万３千円申し込み十二月十九日（金）までに、住宅供給公社太田支所（市役所９階）にある入居申し込み書に関係書類を
139,＝山苞の道、紅乙女酒造、巨峰ワイン貯蔵庫など約十ｋｍを巡ります▽参加料＝二百円▽申し込み不要問くるめウオーキング協会の■■さん（☎ＦＡＸ■■■■■■■）電子メールｋｏｕｈｏｕ＠ｃｉｔｙ．ｋｕｒｕｍｅ．ｆｕｋｕｏｋａ．ｊｐりんどう杯車いすバスケットボール九州大会▽９月十四日（日）８時
140,木）午後２時〜４時十五分会場＝前橋工科大対象＝本市か富士見村の中小企業者・人事担当者、先着三十人申し込み＝商工振興課☎８９８‐６６１２へ初歩から学んで就職に役立てようワード・エクセルの基礎を学ぶ、就職促進
141,で申し込むと、高額療養費として後日払い戻される金額の８〜９割にあたる金額を借りることができます。申し込みには病院の発行した医療費請求書などの添付が必要です。＊高額療養費などの説明は
142,午後５時に学校教育課、市教育センターで配布※市教育センターホームページ（ｈｔｔｐ：／／ｗｗｗ．ｔｏｙｏｔａ．ｅｄ．ｊｐ／ｋｙｏｉｋｕ‐ｃｅｎｔｅｒ／）からもダウンロードできます●申し込み２月十五日（金）までに願書（必要事項を書いたもの）、印鑑、顔写真
143,▼定員十五人▼持ち物飲み物、タオル、ウォーキングシューズ、帽子▼参加費１クール五百円▼申し込み８月８日（金）８時三十分から健康交流課で受付開始ＴＥＬ０５６１（３７）５８１３２《腰痛予防教室》▼
144,５時までに、スポーツ振興課、スカイアリーナ、武道館、第二総合運動場に設置してある参加申し込み書に必要事項を記入して申し込み（個人、チームでの申し込み可。市町村対抗のためチーム編成はスポーツ振興課で実施。くわしくは応募要項
145,（午前６時・ＢＵＳターミナルおおた）行き先／谷川岳参加費／五千五百円（バス代など）※雨天決行申し込み／十月４日（土）の午前８時三十分から直接、市民体育館へ問い合わせ／同体育館
146,天文台施設見学も行っています。【５６共通】▶ところ上尾天文台▶参加費無料▶申し込み当日、直接上尾天文台へ健康プラザわくわくランド２．３月の催し⇨健康プラザわくわくランド（ＴＥＬ７８３‐１１２６・ＦＡＸ７２６‐７６５７）１らー
147,加入している医療保険にかかわらず受診することができます。事前に申し込みが必要ですので、転入した方や申し込みを忘れた方はお問い合わせください。申し込みをした方には、検診ごとに受診券を
148,の保険料■申し込み十二月１日（月）まで、所定の用紙に記入し申し込んでください。申し込みが４団体を超えた場合は抽選朝日台地区と長清水地区市街化区域内の用途見直しの説明会●問合せ建設課
149,乙種第４類定員百人程度（先着順）受講料四千円（希望者のみ教材費が別途必要）申し込み４月二十一日（月）〜５月９日（金）に、申し込み書（同課にあります
150,において、申し込み者等が当該商品を使用し、又はその全部若しくは一部を消費したとき。２申し込みの撤回等は、前項前段の書面を発した時に、その効力を生ずる。３
151,十四日〜二十一年４月８日の毎月第２水曜午後２時三十分〜４時●当講座に初めて参加する人●申し込みは４月十七日から先わいわい広場●５月十四日（水）・二十二日（木）午前十時
152,十日（木）の間に６回午前９時五十分〜十時五十分●２〜３歳児と保護者●申し込みは４月二十五日まで抽３〜４歳クラス●５月十二日（月）〜７月十四日（月）の間
153,ない場合政治活動、宗教活動、営利活動などに関する依頼はお受けできません。要約筆記派遣の流れ１派遣依頼の申し込み／日時、場所、内容、事前資料などの確認をします。２要約筆記者の調整／日時
154,集まってください。４健康管理は自己の責任において行ってください。５重複しての申し込みはできません（アクアビクス・フィットネスを除く）。また申し込みは同一家族分のみとし、他人分の
155,対象＝一般、先着三十人費用＝六十五歳未満の人は入場料用意する物＝体育館履き、タオル申し込み＝８月７日（木）から同センターへ直接□防犯相談所開設日時＝８月十一日（月）・
156,。▲参加費ももっこ広場／１人十八円（保険代）手づくりしよう／１人百円（材料費）▲申し込み１月十日（木）から電話で子育て支援センターへ※電話が込み合うため１月十日だけ
157,買取りは、同項の特別株式買取りを行った日から六月以内において、特定発行会社から機構に対して買取りの申し込みがあった場合に行うことができるものとする。３第一項の規定による株式の買取り
158,の場合は抽選）２＝女性。十人（応募多数の場合は選考により決定）■申し込み五月十二日（月）までに、電話で観光交流推進室へ。報酬や交通費は支給しませ
159,小学生以上の市内在住、または在勤、在学者定員各教室十人（申し込み順）申し込み方法電話で申し込み※参加無料生涯学習アドバイザー講座お正月の生け花講座申問生涯学習アドバイザー室（☎・ＦＡＸ２４‐６２６５）ｍｅｎｔｏｒ＠ｐｕｂ．ｋａｋｅｇａｗａ‐ｎｅｔ．ｊｐとき十二月二十七日（土
160,若葉区地域振興課☎２３３‐８１２２ＦＡＸ２３３‐８１６２若葉保健福祉センター健康課〒２６４‐８５５０若葉区貝塚町千二百五十八‐二十ＦＡＸ２３３‐８１９８Ｅメールｋｅｎｋｏ．ＷＡＫ＠ｃｉｔｙ．ｃｈｉｂａ．ｌｇ．ｊｐ申し込みは電話ですごやか親子係☎２３３‐８１９１健康づくり係☎２３３‐８７１４こころと難病の相談係☎２３３‐８７１５お知らせ納税窓口
161,、丈六寺など（徳島市）定員／先着八十人参加費／九千円（昼食代・入館料含む）申し込み／玉藻文化の会■■さん（☎■■■■■■■■）へ。平成二十年度犬のしつけ教室とき／
162,に参加される親子（ぴよぴよクラブに参加中の親子を除く）【定員】先着二十五組【申し込み】２／十四（木）９：００〜電話※すくすく教室は平成二十年３月で終了します。◆
163,４歳〜小学６年生百人費用入会金・保険料二千三百円、月会費二千円※教室指定ユニフォーム費別途。※１家族２人以上の申し込みの場合は入会金は１人分となります。申し込み方法３月十七日（月）から左記で
164,ば、売ることはできません。このような商品に、格付けの低い顧客から申し込みがあった場合には、銀行としては、格付けのことを説明し、商手割引、短期毎月返済付貸出
165,（水）から水道に関する問合せ先は次のようになります。●水道の使用開始・中止の申し込み、水道料金支払い、福祉減免などの相談豊里営業所☎六千三百二十九‐六千六百六十二、十三サービスステーション☎六千三百二‐四千四百一●漏水につい
166,先着十人。費用受講無料。申し込み９月１日（月）午前９時から電話で申し込み。申し込み先・詳細健康・子ども課子育て支援係☎（六百八十一）二千四百内線５５１手稲区長杯パークゴルフ大会種目男女別個人戦、二十七ホールストロークプレー。日時９月
167,】２カ月〜ハイハイ前の赤ちゃんと保護者【定員】十組【料金】千円（オイル代・初回徴収）【申し込み】６／十一（水）十：００〜受付、先着順（電話申し込み可）【持ち物】バスタオル、赤ちゃんの
168,に届け出なければならない。３第三十四条第一項第四号に規定する受益権の買取りは、当該受益権の買取りの申し込みに係る受益権が金融商品取引法第二条第十六項に規定する金融商品取引所に上場されている受益権であることその他内閣府令
169,と周辺の史跡▼講師…■■■さん（元榛原高校教師）▼対象…どなたでも▼参加無料、申し込み不要▼問…掛川歓好ボランティアガイド「猫の手の会」・■■（☎■■■■■■■）●うたごえ喫茶
170,各日とも８人（※予約制）●申し込み方法谷和原保健福祉センター内健康増進課まで、電話または窓口で直接お申し込みください。申し込みは本人、家族のみです。●申し込み日４月二十八日（月）受付開始月〜金曜日（
171,その際の手数料が五十円割り引きになってお得です！※カード発行時に手数料が五百円掛かります申し込み市民課、行徳支所市民課、南行徳市民センター、大柏出張所、情報プラザ２階サービス窓口問い合わせ▲☎三百三十四‐千百二十四・千百二十五・千百二十六市民課浦安市川市民病院を民営化
172,に披露できる簡単なマジック（男性歓迎）▼定員十五人▼参加費無料▼申し込み１月二十三日（水）午前十時〜同三十分に直接原市集会所へ【１〜４】
173,随時募集しています。個人でも家族でも年会費二千円で加入できます。入会の申し込みは、石井町国際交流協会事務局（石井町役場総務課内）で受付しています。詳しくは、総務課まで問い合わせください。※総務課
174,十五人（先着順）。申し込み２月十八日（月）〜二十六日（火）に電話で申し込み。持ち物母子手帳、筆記用具、エプロン、スカーフ（バンダナ）、手ふき用タオル。ちあふる・ひがし
175,）対象看護職資格を持ち、現在就業されていない人問合静岡県ナースセンター西部支所（☎四百五十四．四三三五）申し込み電話で静岡県ナースセンター西部支所へ住宅用地・被災住宅用地・家屋取り壊しの申告を浜北区税務課☎五百八十五．一一三六●住宅用地の申告該当する人
176,午前９時〜午後５時市民総合センター内生涯学習センター使用申し込み貸室＝十一室（交流ホール・会議室・料理実習室など）使用申し込み＝十二月分まで予約できます。申し込み・お問い合わせ＝生涯学習課公民館係（☎０７３９二十六四千九百二十五）紀南文化会館使用申し込み大ホール・小ホール・展示ホール＝平成二十一年十一月分は
177,葵区東草深町）講師：■■■■氏（前三島市教育委員長）対象：どなたでも九十人（無料）申し込み：当日、直接会場へどうぞ（先着順）問合せ：市教育総務課（☎３５４‐２５２４）再就職希望者のための
178,（松井清武君）ＣＤＣ、タイムシェア社が現在国際電電及び電電公社に対しまして電気通信回線の設定についての申し込みないし話し合いをしているということは、私ども承知しておる点でございます。しかしながら、その
179,学生、青年を対象に適性検査、ディスカッションを通して将来を見つめ直す。三十人。無料。申し込みは０２５（２４６）７７１１、新潟市青年の家。★「過去と現在が同居する町―西安」公開講座
180,かＡ４。未発表の作品で、人物の場合は本人が承諾済みのこと。■申し込み十一月十七日（月）（必着）までに、郵送か直接葵区総務・防災課（〒４２０‐８６０２静岡庁舎新館２階
181,聞き方を学び、自分の子育てを語り合う対象：思春期の子の保護者二十人（無料）申し込み：９月十五日（月）（必着）までに、往復ハガキ（子の年齢も記入）
182,）、午前９時三十分〜午後１時会場＝前橋保健センター対象＝一般、先着三十人費用＝材料費申し込み＝十月２日（木）までに同センター☎２２３‐８８４４へがん患者の不安電話で相談できますがん
183,開設することである（最判昭二十五・９・十四刑集４・９・千六百五十二）。野球賭博のために事務所を設け電話で客の申し込みを受けることも該当し、賭博者を一定の場所に集める必要はない（最決昭四十八・２・二十八刑集二十七
184,、すこしダイエットしたほうがいいな。そのほうがテレビ映りがよくなって結婚の申し込みも…。「純子！純子」戸口に立っていたサトが言った
185,）申し込み：当日、直接マビックへどうぞ（先着順）◆木曜シネマ劇場「世界の三大喜劇王」申し込み：当日、直接マビックへ（無料・先着順）◆初心者向けセキュリティ対策講座とき：十月十一日（土）、
186,治療中の方を除く）【定員】五十人【料金】胃がん検診九百円★大腸がん検診五百円★【申し込み】１７９６‐４６２３２２５１‐４５２１３３６３‐４４６３４９３７‐８４６０★印は、ア七十歳以上の方イ
187,で送付された商品）第五十九条販売業者は、売買契約の申し込みを受けた場合におけるその申し込みをした者及び売買契約を締結した場合におけるその購入者（以下この項において「申し込み者等
188,合体して契約を成立させることを目的として行われるものだから，契約の申し込みに関して，到達主義の原則に対する２つの例外を設けた。１申し込み者が反対の意思を
189,。◆日時７月二十九日（火）、午前十時〜◆場所健康福祉の里◆申し込み７月十五日（火）までに電話で連絡してください◆問い合わせ市健康福祉の里福祉課障害福祉係（☎
190,来場はご遠慮ください。年末年始の空き室分ベルデ（少年自然の家）〈軽井沢・武石・岩井〉〈年末年始空き室分の申し込みは旅行サービスコーナーへ〉十二月二十日（土）〜１月４日（日）利用分の空き室の
191,〜十六時ところ市体育館対象市内に住む人参加費百円持ち物内ズック、動きやすい服装申し込み５月十八日（日）まで電話またはＦＡＸ受付第二十八回市民サイクリング大会市サイクリング協会（■■方）☎■■■■■■■とき
192,とする電話勧誘販売をする場合において、郵便等により当該商品若しくは当該権利又は当該役務につき売買契約又は役務提供契約の申し込みを受け、かつ、当該商品若しくは当該権利の代金又は当該役務の対価の全部又は一部を受領し
193,初めて母親・父親になる方。費用・定員・申し込み無料。各回四十組（予定）。電話での申し込み。持ち物母子手帳、筆記用具、テキスト「わが家に赤ちゃんがやってくる」。詳細
194,練習会などがあるようでした。盛りたくさんだなあとびっくりしています。先日，サマーキャンプの申し込みがありましたが，習い事の発表会と重なっているのでとお話しお断りしました。子供会
195,請求書の明細にはゆうゆうコール得点と記入されていたりしたのですが、今考えてみれば申し込みの百八十九円は取られてませんでした。請求書が来るたび疑問に思っていた
196,あります）※土、日、祝日は除く申し込み期間２月二十日（水）問・申し込み／生涯学習課☎五十四．二三六八◆社会教育指導員◆任用予定員１名（旧会津高田町在住者）勤務場所会津美里町公民館（高田公民館
197,十二月７日（日）十三：００〜十五：００▷定員二十四人〔先着順〕▷材料費二千円▶申し込み電話で、同みずの森「講習会係」へ※十一月５日（水）から受け付けます
198,東京公立保育園の入園についてですが、公立の保育園は、申し込みが集中した場合、家庭環境の規定指数による優先順位があると思いますが、４月からの
199,当日現地受付で徴収●そのほか棒の手会館学習室でアニメ会を同時開催（入場無料）●申し込み２月６日（水）から電話で紙ふうせん（☎八十九．二四四五）●問合せ猿投棒の
200,ＦＡＸ５６７‐４２６９）へ※１は直接、本人の申し込みのみ有効。４はハガキの申し込みも可開第五十九回自然観察会▷とき５月二十四日（土）十三：００道の駅草津（下物町
201,など）コース伝承園→福泉寺→母也明神→松崎観音→宮代橋→太郎渕→登戸橋（十六キロ）申し込み大会当日に受け付けます持ち物雨具、間食、保険証、防寒服その他初心者でも
202,金）十：００〜十二：００（１人１時間以内）【場所】生涯学習センター第１集会室【定員】先着十二人【申し込み】２／十三（水）９：００〜電話にて受け付け児童館☎７９６‐１５０１ＦＡＸ７９６‐１５０１◆ＤＶＤ鑑賞会【内容
203,）１午前十時三十分から２午前十一時十五分から【対象・定員】乳幼児と保護者１２各十二組●申し込み７月１日（火）午前９時三十分から電前直先利用者用検索機使い方教室図書館の
204,三十分〜３時【会場】磯子区役所４階【対象】体力づくりに関心がある中高年の女性【申し込み】５月十六日から電話でこども家庭支援担当【問合せ】こども家庭支援担当（☎７５０‐２４４９ＦＡＸ７５０‐２５４０）募集「
205,小学生から高校生の子どもを持つ保護者または子育て活動に関心のある人参加費／無料申し込み／電話で生涯学習課（☎八百三十九．二六三三）へ。国際理解講座「オリンピックと中国」とき／十一月十五日
206,木）午前十時〜正午アロマストレッチ￥●５月二十四日（土）午後１時三十分〜３時●申し込みは５月十三日から先洋光台地域ケアプラザ洋光台６‐７‐１☎８３２‐５１９１ＦＡＸ８３２‐５１３８おはなしひろば
207,●定員１回二十人程度（予約制）●費用無料●持ち物申し込み時にお知らせします●申し込みコース開始１週間前までに電話で（株）逗子スポーツクラブ（事業受託事業者）へ☎０４６‐８７２‐９０３２（平日９：００〜十七：００
208,４階で。無料。堺区在住の六十五歳以上の方で、ご自身で来所可能な方が対象。申し込み電話で愛らいふ在宅介護支援センター（☎２４５‐３７１１〈受付時間９〜十七時〉）へ。先着四十人。家族介護教室申し込み
209,、お口の渇きを予防する体操など▶定員十人（申し込み順）▶参加料無料▶申し込み５月１日（木）より電話でお申し込みください一日かろやか教室に参加しませんか家庭でも
210,〜十九：四十シェイプバーベル十九：四十五〜二十：三十キックボクササイズ料金１回五百円（クアハウス入館料含む）そのほか申し込みが必要です（電話可）。お気軽にお問い合わせください。申し込み・問合先クアハウス今治☎０８９８‐４７‐０６０６ＦＡＸ０８９８‐４７‐０８８２親
211,）〜７月７日（月）午後５時まで（厳守）※但し、百八十チームに達し次第申し込みを終了します。◇参加料二万円（保険料等込）問合せ先名護市観光協会内☎５３‐７７５５名護市長杯争奪全島職域ハーリー大会事務局第三十一回名護夏まつり！
212,コンビニエンスストアでは納めることはできません）。なお、口座振替通知書が届いた人は、申し込みがあった口座からの引き落としになります。※今回、通知書が届く人は、
213,ような扱いになりますか。○天谷政府委員第六条のいわゆるクーリングオフの制度は、契約の申し込みをした場合には申し込みの撤回、それから契約を締結した場合にあっては
214,どのくらいの日数で出品できるようになるのでしょうか？宜しくお願いします。ネットで住所確認の申し込みをすると、ヤフーからハガキが来ます（２〜３日）。そのハガキに記された
215,（☎八百三十九．二三六三）へ。保健センターインフォメーション●次の行事は予約が必要です。ところ▼高松市保健センター申し込み▼同センター（☎八百三十九．二三六三）へ。●発育・発達相談とき／４日（木）午後１時〜３時
216,楽しめる絵本の講座講師■■■■さん（えほんと童話の店みやがわ書店店長）定員三十人程度（先着順）申し込み４月十日（木）から、直接・電話・ファクスで同館へ小俣図書館☎二十九三千九百ＦＡＸ
217,省エネルギー活動の取り組みを通して〜講師シャープ株式会社環境の匠■■■■■氏参加費無料※申し込みは不要です。※託児を希望する人は７月二十五日（金）までに市民部市民相談・協働推進室へお申し込みください
218,●毎月第２・第４金曜午後９時〜十時三十分●十八歳以上●先着４チーム（１チーム５人以上）●申し込みは各開催日の１か月前から先はまぎんこども宇宙科学館洋光台５‐２‐１☎８３２‐１１６６
219,へ。受講料無料。応募多数の場合は抽選園芸講座■対象園芸に興味のある市民■申し込み５月三十日（金）までに、はがきかファクスで講座名、住所、氏名、電話番号
220,人◎参加料五百円（当日受け付けで納めてください）◎競技方法二十四ホールストロークの団体戦と個人戦◎申し込み各地区センターや市スポーツ健康課に用意している所定の用紙に必要事項を記入の上、申し込みください。◎
221,対象・定員】高校生以上十五人【参加費】千二百円【持ち物】はさみ、ものさし、接着剤、ラジオペンチ●申し込み６月十一日から電前直先作って飛ばそう〜紙飛行機〜【日時】
222,月）十時▼場所市役所本庁舎２階第２委員会室※後日、適正試験と面接を行います。▼申し込み５月二十二日（木）までに電話で議会事務局（☎八十五九千二百二十）特設人権・困りごと相談所を
223,に２月中旬に郵送されますので、加入を希望する人は３月二十一（金）までに申し込みをお願いします。申し込み窓口：役場町民保険課（午前８時三十分〜午後５時十五分）／
224,火）十時三十分、当日直接。２８月三十一日（日）十三時三十分、１組千円。２の申し込みは７月二十三日から電か直接、会場のエリスマン邸（☎・ＦＡＸ２１１‐１１０１、第２水曜休み）へ【夏
225,沼ビオトープの保全管理（アシ刈り）、鳥の観察▼参加費百円（保険代）▼申し込み当日、直接集合場所へ▼持ち物水筒、帽子、軍手、マスク、かま（持っ
226,も、桜が丘団地Ｃ棟を希望する場合は、改めて申し込み書を提出してください。桜が丘団地Ｃ棟以外の公営住宅は、随時申し込みを受け付けています。申し込み・問合先役場建築住宅課住宅係（内線３２４）募集障害福祉計画策定委員を募集します町で
227,）午前十時〜正午定員／小学生以上先着二十人（小学生は保護者同伴）材料費／五百円申し込み／十二月２日（火）〜十九日（金）に電話で同館（☎八百四十五．八四八四）へ
228,０時三十分場所区保健福祉センター分館対象区内在住六十歳以上の男性。定員先着十五名。費用五百円申し込み１月二十一日（月）から本人の電話または直接来館で。ウォーキング基本講習会日程２月十二日
229,までの子育て中の母親＝二十人（先着順）▽託児無料の保育室を準備します▽申し込み６月二十四日（火）までに申し込みを。□問い合わせ・申し込み先弘前市民参画センター（元寺町、☎三十一．二五〇〇
230,の方法により指定商品を販売する契約（連鎖販売個人契約及び業務提供誘引販売個人契約を除く。）であつて当該契約の申し込みをした者のために商行為となるものの申し込みについては、適用しない。（契約
231,要予約）▷対象子育て世代の人とその家族など▷定員五十人〔先着順〕▶申し込み申し込み書に、住所・氏名・年齢を書いて、ファクスで健康くさつ二十一計画推進会議事務局（健康づくり支援課内、ＦＡＸ５６１‐２４９１）へ
232,中学生の部あり）●参加費１種目八百円（１人３種目まで）、リレー２千円●申し込み２月二十三日（土）〜３月１日（土）に参加費を添えてスカイホール豊田●
233,の保存方法など対象：パソコンの基本操作ができる人十人※コンパクトデジタルカメラを持参会費：二千五百円申し込み：９月二十日（土）（必着）までに、往復ハガキに講座名、住所、氏名、
234,◆申し込み方法１希望する検査医療機関に予約をする。２保険証・印鑑を持って保険年金課か富来田出張所へ助成の申し込みをする。３申し込み後に郵送される利用承認書を持ち、人間ドックを受検する。※２週間前までに
235,毎週日曜日には一般公開されています平日に見学希望者は、１ケ月前まで申し込みだって＞＜！ｈｔｔｐ：／／ｗｗｗ．ｍｏｄ．ｇｏ．ｊｐ／ｍｓｄｆ／ｋｕｒｅ／ｋｅｎｇａｋｕ／ｋｅｎｇａｋｕ．ｈｔｍ日の丸ひらひら〜♪今日は日曜日じゃないんだなぁ・・・残念
236,のコミュニケーションについて学ぶ体験型の講座対象：思春期の子の保護者二十人（無料）申し込み：９月十二日（金）、午前十時〜、電話で東部生涯学習センターへどうぞ（申し込み順）西奈生涯学習センター
237,笑）中古ショップ回って、ＬａＬａの全サＣＤも全部揃えたしねー◇今年もホワイトデーメッセージの申し込みが始まったようです。申し込み期間は２／十二まで。忘れないようにしないと。もちろん
238,内容７月実施のＰＭＦサマーコンサートの企画、運営など。定員・費用十人（先着順）。無料。申し込み６月十一日（水）午前９時から電話または直接窓口で受け付け。その他東区社会福祉協議会
239,参加費（記載のないものは無料）、持…持ち物、企…企画、申…申し込み、問…問合せ健診を受けましょう三十歳代健康診査・がん検診対象となる方には、５月下旬に健診
240,・年齢・電話番号・希望教室・時間（１人１教室）・疾患の有無を記入し、８月８日（必着）までに申し込み。なお、返信用の表には、申し込み者の郵便番号・住所・氏名を記入してください。また、疾患の
241,の相談に応じます。離乳食の調理紹介、試食などあり▽相談料＝無料▽申し込み不要問ＮＰＯ法人栄養ケア・ちっご（☎ＦＡＸ三十八．七四二七）募集市立保育所臨時職員▽職種＝１看護師、２保健師▽
242,千円。申し込み８月十一日（月）の午前９時〜午後７時に電話か窓口で申し込み（定員に満たない場合は、引き続き受け付けします）。申し込み先・詳細区民センター（前田１条十一丁目
243,先輩パパ・ママや、これから子どもを育てる予定の人の参加もお待ちしています場所：保健センター内申し込み：不要直接会場へ問合せ：健康増進課保健予防担当（保健センター内）内線６１１健康ガイド■乳幼児健康診査１４か月児健診期日：４月
244,生後二十八日以内の赤ちゃんとその母親（里帰り出産で期間内に市内に居住している方も含む）申し込み母子健康手帳別冊に添付の「出生連絡票」の訪問希望「有」に○をつけ、早めに
245,幼児〜小学生二十人＊幼児は保護者同伴【参加費】三百円【持ち物】後日通知●申し込み往持８月二十日（必着）抽みんな集まれスポーツ塾〜ソフトバレーボールで遊ぼう〜親子で
246,協会に登録する場合は登録料三千円も必要【代表者会議】６月二十三日午後７時から瀬谷公会堂１階会議室●申し込み６月９日から十七日までに参加費を添えて同協会（タカミネスポーツ店内☎３６１‐００４３木曜日定休）へ
247,７１４‐５９１２映像ミニサロン「八月のクリスマス保●８月十五日（金）午後１時三十分〜４時●女性●申し込みは７月十一日から先女性のためのパソコン講座「ワード初級講座」保￥●８月二十一日（木）・
248,）１午前十一時〜正午２午後２時〜３時。対象は小学生。参加費二百円。▼申し込み２月１日から電話で枚方市文化国際財団へ。先着各二十人。２タイ音楽合奏団ウォン・ナータリラー▼日時など
249,子とその親十五組▼持ち物…軍手、敷物、飲み物▼参加無料▼申し込み方法…電話で申し込み▼問…さくらぎこども館（☎２２‐５１０５）●短歌教室「風の会」会員募集▼とき…毎月第３日曜日午後１時三十分〜▼
250,（月）午前十時〜十一時場所：保健センター内内容：身長・体重測定、発育に関する相談持ち物：母子手帳申し込み：不要直接会場へ問合せ：健康増進課保健予防担当（保健センター内）内線６１１■気軽に参加してみませ
251,内容／おはなし会で使う小道具の紹介と手袋人形作製定員／先着三十人参加費／無料申し込み／十一月二十日（木）〜十二月５日（金）に、電話またはファクスで中央図書館（
252,ている保護者。※受講中は託児を行います。定員先着十人。費用無料。申し込み６月十一日（水）午前９時から電話で受け付け。申し込み先・詳細健康・子ども課子育て支援係☎（六百八十一）
253,とおり。詳しくは、新宿区ホームページの福祉部のページでご案内しています。【費用】無料【申し込み】はがきかファックスに記載例（４面参照）のほか、十月４日（土）のワークショップの
254,二十四日の火曜日、午前十時〜正午。中央図書館。５回以降は詳細未定。定員先着十名。申し込み５月二十五日（日）までに、電話か直接来館で。昭和を語る日程５月
255,中川李枝子氏が語る親子のふれあいと子どもの読書対象：どなたでも百八十人（無料）申し込み：９月二十五日（木）、午後１時〜、電話で藁科生涯学習センターへどうぞ（申し込み順）●
256,▽ところ練馬女性センターえーる（石神井町８の１の十）▽定員四十名（申し込み順）▽申し込み電話で同歩会事務局☎■■■■■■■■■■■■■へ▽問合せ地域福祉課庶務係☎五千九百八十四．二七〇六新成人の皆さまに「成人の
257,火）まで（必着）に同ミュージアム（〒６１１‐００２１宇治東内四十五‐二十六）へ。なお、申し込みは１枚のはがきで１人のみです。来館で申し込む場合は返信用のはがきを持参してください
258,）午後６時三十分〜８時三十分会場／サンパル秋田受講料／無料定員／先着二十人申し込み／十月二十日（月）午前９時から、女性学習センター☎（八百二十四）七千七百六十四再就職準備ＩＴ講習「エクセル」
259,たか、を記入し府金融広報委員会事務局（〒５３０‐８６６０大阪市北区中之島２‐１‐四十五）へ申し込み▽同事務局☎０６六千二百六．七七四八、ＦＡＸ０６六千二百三十三．六〇八〇■最低賃金改正のお知らせ▽原則として
260,「ちらしずし」などのかんたんな日本の家庭料理をつくりませんか。参加費五百円。▶申し込み２月二十九日までに電話・ファックス・電子メール（住所・氏名・電話番号、「料理教室希望」を明記）で枚方市文化国際財団へ。抽選
261,地域情報センター▼対象パソコン入門コースはウインドウズＶｉｓｔａのパソコンを持参できる方▼定員各６人（申し込み順）▼申し込み電話またはファクスで■■さん（☎・ＦＡＸ■■■■■■■）日本工学院北海道専門学校だより問い合わせ☎八十八
262,を熟知しており、公務員の名刺も持っていました。もしここでルール通りに対応して申し込みを断った場合、「融通をきかせてもらえなかった」と、今後の外商
263,Ａクラス（２段以上）、Ｂクラス（初段以下）合わせて先着四十人。費用参加料四百円。申し込み十月二十二日（水）、午後１時から費用を添えて窓口で申し込み。電話不可。
264,来・て・こ」へどうぞ女性会館〒４２０‐０８６５葵区東草深町３‐十八☎２４８‐７３３０・ＦＡＸ２４６‐７８３３ｈｔｔｐ：／／ａｉｃｅｌ２１．ｊｐ●往復ハガキでの申し込みは、講座名、住所、氏名、電話番号、返信用あて名を記入（多数抽選）◆アラフォー世代版おひとりさまの
265,見学し、ボランティア意識の向上を図る定員／二十人程度参加費／五百円（昼食・飲み物代）申し込み／電話またはファクス（住所、氏名、電話番号を明記）で、おおたＮＰＯセンター（☎６０‐２０５０
266,十四時三十分、十五時〜十六時ところ瑞源寺（足羽５丁目）定員各二十人程度（先着順）申し込み３月十二日（水）から、瑞源寺（☎三十五．一八六八）で電話受付※ホームページ（ｈｔｔｐ：／／ｗｗｗ．ｚｕｉｇｅｎｊｉ．ｃｏｍ／）
267,団体）からの要請による講師派遣事業申し込み方法平成二十一年１月十三日（火）までに電話で申し込み市民芸術祭「あなたも審査員になろう！」結果発表問生涯教育課（☎２１‐１１５８）ｓｋｙｏｉｋｕ＠ｃｉｔｙ．ｋａｋｅｇａｗａ．ｓｈｉｚｕｏｋａ．ｊｐ十月
268,。定員先着二十人。費用無料。申し込み７月十一日（金）から電話で申し込み。◆男性の料理教室〜料理で楽しく脳のトレーニング〜内容１１日目は調理実習、
269,のはそれなりの理由があると考えなければなりません。お客様の要望どおり普通預金の申し込みを受け、住所・氏名・電話番号の記入と、届出印を徴し、通帳を作成した段階で、次
270,二十人（申し込み順）▶受講料二千円▶持ち物筆記用具▶講師■■■■■■■さん（登別市英語指導助手）▶申し込み５月８日（木）〜十四日（水）（土・日曜日を除く）の９時〜十七時
271,蔵書票をつくろう日時◆８月二十五日（月）十：００〜十六：００定員◆十五名参加費◆無料申し込み◆８月１日（金）から電話またはＦＡＸで。納涼会地元活躍のアマチュア劇団などによる公演（
272,会副会長）櫻井よしこ（司会兼）家族会訴え家族会参加者■申し込みは往復葉書で（一部当日参加も可能）申し込み指定席ご希望の方は往復葉書にて救う会までお申し込み下さい。往信側裏面にシンポジウム参加希望、とお書きください。
273,など）▼定員７人（面接にて選考）▼受講料無料（テキスト代別途一万円）▼申し込み十月６日（月）までに公共職業安定所へ願書を提出（受講には安定所での
274,障害者手帳所持者（身体・精神など）▼定員二十人（面接にて選考）▼受講料無料▼申し込み十月９日（木）までに公共職業安定所へ願書を提出▼問合せ愛知障害者職業能力開発校へＴＥＬ
275,岐阜大学応用生物科学科森林生態学研究室特別研究員）【対象】一般【定員】先着六十人【料金】無料【申し込み】はがき、ＦＡＸ、電話にて下記までお申し込みください。【締切】３／三十一（月）必着
276,。監督と私のことがマスコミで公表され、話題になっていた。取材の申し込みも数多くきた。監督が取材も張り合いになると言うので、体に無理の
277,問題（友達・勉強、不登校、進路、しつけ、くせ、性格、無気力、非行、学校・家庭生活等）申し込み：窓口又は電話で予約備考：秘密は固く守られます問合せ：学校教育課内線３５１
278,大変混雑します。申し込みが遅れると、年内にくみ取りができないことがあります。早めに申し込みをお願いします。申し込み・問合先高岡市衛生公社（戸出・中田・福岡地区を除く）☎二十三二千二百二十八、デムラ工業（
279,です。▷持ち物…からの１．５ℓの炭酸飲料用ペットボトル容器（ロケット１機につき５本必要）・昼食用弁当▷申し込み…はがき・ファクスに、「ペットボトルロケット参加希望」・代表者の氏名・年齢・性別・住所・電話番号と参加者全員の氏名・年齢（学年）とロケットと発射台の
280,を実施。場所木更津工業高等専門学校定員・受講料十五人・千円程度（保険代）申し込み方法８月二十日までに電話で申し込み。問【市】高齢者福祉課☎（二十三）二千六百三十◆危険物取扱者保安講習日程・講習種別十月８日（
281,先着三百五十人＊内容…基調講演「住宅防火の重要性」・パネルディスカッション・最近の住宅防火グッズの展示など＊参加費…無料＊申し込み…はがき、電話、ファクス、Ｅメールで、代表者の住所、氏名、電話番号、参加希望人数を
282,に対し訪問目的の明示を要求しております。第二に、四条において、販売業者は購入者に対し、申し込みの内容、条件を明らかにする書面の交付義務を課しております。第三に、五条
283,は８月十四日（木）十二時。申し込み方法は電話、電子申請、同所窓口。託児は事前の申し込みが必要。託児の対象は就学前の幼児。当選者のみはがきで通知。☎８３０‐０００３青少年科学館
284,禁煙開始日を設定するにあたっての支援、禁煙補助剤の紹介、禁煙外来の紹介（必要に応じて）申し込み事前に予約が必要です。電話で浜北保健センター分室へ【開催日の前日締め切り】成人健康相談
285,共通項目対象市内在住の人参加費三百円（当日持参）持ち物エプロン、三角巾、米２分１カップ申し込み６月３日（火）から、電話またはＦＡＸで健康課へ介護予防講座お達者セミナー高齢者が、
286,）コミュニティセンター問い合わせは各コミセン（頁下欄外を参照）へ。市民協働推進課☎６０‐１８３０十二月事業案内●申は申し込み（市報発行日：１日・十五日より受付）●特に表記のないものは，会場は各コミセン
287,私たちの住んでいる近くに呼ぼうと思います。義両親のために、県営住宅や市営住宅って申し込みできるのでしょうか？多分できません・・・自治体によって違いは有りますが、ほとんど
288,クリアできるかを競うドッグスポーツ競技が行われる。午前、午後とも誰でも参加できる。申し込みは当日会場で受け付ける。参加費は犬一頭につき百円以上。参加費は全額、盲導犬協会に寄付する
289,８日（水）午後２時〜３時三十分会場／市保健所入場料／無料定員／八十人申し込み／市保健所衛生検査課☎（八百八十三）千百八十一高次脳機能障害講演会テーマは高次脳機能障害のかたのリハビリや利用できる制度など
290,参加資格町内在住、在勤、在学者（小学生は責任者同伴であれば可）▼参加費無料▼申し込み当日現地にて受付▼その他運動のできる服装と体育館シューズを持参ください。▼問合せ
291,の申し込みも年末は多数ありますので、早い時期に予約の申し込みをしてください。申し込み☎２７‐１５７０【広告募集】市報およびホームページへの広告を募集しています。秘書広報課☎
292,（金曜〜翌週水曜の６日間）の利用抽選会を３月二十四日（月）に行います。▼申し込み２月１日〜二十九日午前十時〜午後５時にサンプラザ生涯学習市民センターにある申請書を提出（第４日曜休館）
293,６月二十一日（土）午前十時〜正午【対象・定員】小中学生三十人【持ち物】ラケット・上履き●申し込み当直先小中学生料理教室〜軽食を作ろう！〜【日時】６月二十九日（日）午前
294,十一月９日（日）、土淵町五日市地区十一月十六日（日）、附馬牛小学校◆参加料無料◆申し込み活動日の一週間前までに住所、氏名、年齢、電話番号を電話やファクスなどで連絡し
295,抽選）❖講師…■■■■さん（宇治市文化財愛護協会「宇治の散歩道」編集委員長）❖参加費…千円❖申し込み…「再発見講座」・住所・氏名・電話番号を十月二十三日（木）までに電話・ファクスで生涯学習センター（☎三十九．九五〇〇、ＦＡＸ三十九．九五〇一
296,託児を行います。先着五十人）。▼定員二百人。▼費用無料。▼申し込み当日、直接会場へお越しください。託児を希望する方は、５月十二日（月）以降午前
297,（金）までに直接来館で、大久保青少年センター（☎３９‐９２８１）へ。（両方への申し込みは不可）〈牧場で秋を楽しもう〉▷とき…十月二十六日（日）、
298,てくれます。講師サンタローザ・アロマセラピー・アカデミー■■■■■■■■■■■氏定員各二十名受講料三千円材料費１回三百円〜五百円程度申し込み１月十八日（金）午前十時から（先着順）天王寺区民センター１階事務所生玉寺町７‐五十七
299,た音楽会。弦楽四重奏の演奏も実施対象：どなたでも八十人（無料）※中学生以下保護者同伴申し込み：９月十日（水）〜、電話か直接蒲原図書館（☎３８８‐３４５６・申し込み順）へどうぞＨｏｔひといきコンサートジャズ特集
300,９２４‐２２６１１月のカルチャースポーツ麓山の杜イベント共通会場…麓山の杜（二十一世紀記念公園）とんがりふれあい館問・申し込み…麓山の杜☎９２４‐２１９４へ。▼園芸教室１プリザーブドフラワーのアレンジ日時…１月十九日（土
301,午後３時●場所上田創造館●内容環境、リサイクルなどに関する展示、実演など。●申し込み８月１日（金）までに生活環境課へ展示、実演の内容がわかる企画書を提出
302,せることができる。５利用方法グループホームの利用にあたり，入居希望者は希望するグループホームを運営する運営主体に申し込みをし，運営主体との書面による契約を締結することとなる。この際，運営主体は，あらかじめ
303,の７の十四関町リサイクルセンター内）▽定員二十名（申し込み順）▽参加費五百円▽申し込み十二月５日（金）までに電話で関町ボランティア・市民活動コーナー☎三千九百二十九．一四六七へ高齢者就職面接会＝臨時・短期的就労＝週
304,、日本人コミュニティの催し物案内までの幅広い内容。一部売りは三十八ＨＫ＄で、定期購読は３ヵ月四百五十ＨＫ＄から。申し込み☎二千八百三十三九千九百九十七（パソナプレス）●『週刊香港』千九百九十八年創刊の伸び盛りの新聞。小回り
305,先着三十人。費用２千三百円（バス代込み）。申し込み８月十一日（月）から電話で申し込み（受け付け時間は午前９時〜午後７時）。※費用は８月十八日（月）〜二十一日
306,市内に住むか勤める人（小学生以下は保護者同伴）参加費百円※当日集めます。申し込み３月十四日（金）〜４月十八日（金）まで窓口または電話受付※当日も受け付け
307,午後４時／会場＝同会議所／内容＝日本商工会議所簿記検定試験２．３級合格に向けた直前受験対策講座／費用＝１万五千円／申し込み＝電話で同会議所へ。●玉川さくら保育園保育士（常勤・非常勤）募集詳細は電話で同園（☎
308,介護者のつどい「体ほぐしの体操」●９月１日（月）午後３時〜４時三十分●申し込みは７月二十二日から先根岸地域ケアプラザ馬場町１‐四十二☎７５１‐４８０１ＦＡＸ７５１‐４８２１講演会「在宅医療に
309,で自然観察し、採取した植物や秋の実で工作する対象：小学３〜６年生二十人（無料）申し込み：十月５日（日）、午前９時十五分〜９時三十分に、直接東部生涯学習センターへどうぞ（多数抽選
310,にて受け付け【ジュニア体験教室】●対象小・中・高校生●開催日５月〜９月の日曜日午前中随時●申し込み随時受け付け※参加費等の詳細はお問い合わせください。◎問合せ山口県セーリング連盟（■■）☎■■■■■■■■■■■■■職業生活設計セミナー
311,売買契約若しくは役務提供契約の締結について勧誘をするに際し、又は電話勧誘販売に係る売買契約若しくは役務提供契約の申し込みの撤回若しくは解除を妨げるため、当該売買契約又は当該役務提供契約に関する事項であつて、電話勧誘顧客又は購入者
312,明記）で〒１８０‐８７７７ごみ総合対策課「フリーマーケット」担当へ。＊１人１枚（同一住所で１枚）に限る。２枚以上の申し込みは無効。■家庭ごみ有料化後４年が経過家庭ごみを有料化して４年がたち，１人１日当たりの
313,は、午前十時〜午後５時です。毎月の初日に限り、午前十時三十分までの申し込みを同着とみなし、重複した場合は抽選とします。使用責任者が直接来館して申し込ん
314,は１円単位で、五百万円以下は即日引き出しが可能（証券会社によって差がある）。ただし、申し込みから三十日未満で換金した場合には、１万口（１万円）につき十円のペナルティ（信託財産留保額）
315,の十六歳以上で平日の午後出席できる方。定員三十名（選考あり）任期５月１日から１年間申し込み３月二十四日（必着）までに往復はがきに応募理由・郵便番号・住所・氏名（ふりがな）・年齢・性別・職業（学校名）・
316,：親子で体を動かしスキンシップを図る対象：２．３歳の幼児と保育者十五組（無料）申し込み：９月二十九日（月）、午前十時〜、電話で浜田生涯学習交流館へどうぞ（申し込み順）駿河区
317,一緒にみこしを担ぎましょう！個人、団体、性別などは問いません。申し込みふれあいまつりみこし実行委員会（西建設課内■■）☎（三十七）五千百十二◆仮装大会出場者今年の
318,三十分。対象小・中学生（保護者同伴可）定員先着三十名。費用六千円（花代五百円／回）申し込み５月二十四日（土）午前十時から電話か直接来館で。区民バレーボール大会日時６月十五日（
319,７日（金）午前十時〜正午。対象はおおむね四十歳以上の人。参加費百円。▼申し込み２月８日午前十時から電話・ファクスで同センターへ。先着四十人。自分できづこう健康ライフ事業うたごえ喫茶「
320,他業務受付期間十二月十二日（金）まで登録期間平成二十一年４月１日〜平成二十三年３月三十一日申し込み原則申請書持参、市内に本社を有しない事業者にあっては郵送可とします。
321,とき：十月二十七日（月）、午後２時〜ところ：市役所清水庁舎３階対象：どなたでも申し込み：当日、直接会場へどうぞレジ袋有料化参加事業者が増えました環境への配慮とごみ減量のため
322,スキー場（２泊３日、車中１泊）。参加費中学生以上２万八千円、小学生以下２万六千円（登録料五百円）。▼申し込み往復はがきに参加者全員の住所・氏名・年齢・性別・電話番号、イベント名を書いて〒５７３‐１１７８渚西３‐二十六‐十枚方体育協会へ。
323,か？先ほど、契約は意思の合致によって成立すると述べました。これは、申し込みという意思表示と承諾という意思表示が合致したとき、ということです。では、この申し込み
324,日）午前９時〜【会場】新杉田公園テニスコート【対象】区内在住・在勤・在クラブ【費用】１チーム六千円【申し込み】ハガキまたはＦＡＸに代表者の共通事項と全員の氏名、チーム名を明記し、６月十一日〜
325,（はがきまたは封書）のみで受け付けます。電話での申し込みはありません。＊申し込みは１人につき１通必要です。＊郵送（はがきまたは封書）の受け付け期間は必ず守っ
326,日時＝９月８日（月）・二十五日（木）、午後１時〜３時対象＝一般申し込み＝当日同センターへ直接□９月の日曜開館日期日＝９月十四日（日）巡回バスコース＝〈早便〉
327,ドクターが治します〜【日時】７月十二日（土）午前十時〜午後２時＊来院時間は申し込みの際に決定【費用】部品代として三百円程度●申し込み７月十日まで電前
328,ベトナムの屋台料理についての講義と調理実習対象：どなたでも二十人会費：三千円申し込み：９月二十六日（金）（必着）までに、往復ハガキで西部生涯学習センター（〒４２０‐００６８葵区田町
329,】●対象小・中・高校生とその保護者●開催日５月〜７月の日曜日午前中６回●申し込み５月７日（水）までに電話にて受け付け【ジュニア体験教室】●対象小・中・高校生●開催日
330,ところ▶市保健所対象者▶統合失調症の人の家族内容▶薬の効果についての学習会、グループワーク申し込み▶精神保健担当（☎八百三十九．三八〇一）へ。こころの健康相談とき▶月〜金曜日（祝日は
331,、学年、電話番号、希望の回、１は１通２人まで連記可（同伴の保護者も申し込みが必要）を、１は７／二十一（必着）、２は７／十四（同）までに
332,に関する相談、体重・体脂肪率・血圧測定管理栄養士による個別の栄養相談歯科衛生士による歯や口腔の健康に関する相談と歯みがき指導申し込み直接会場へ栄養・歯科相談については事前にお問い合わせください。※健康手帳をお持ちの方は持参し
333,書類四名義書換代理人又は登録機関を置いたときは、これを証する書面五株式の申し込み及び引受けを証する書面六取締役及び監査役の調査報告を記載した書面及びその附属書類七
334,ていただく予定です。集合時間は後日連絡させていただきます。■定員二十名（定員以上の申し込みがあった場合は、抽選により決定します。）■参加費無料■対象市内
335,申し込み方法市役所障害福祉課（３階）にある参加申し込み書に記入し、６月十三日までに持参またはファックスで申し込み。申問【市】障害福祉課☎（二十三）八千四百九十七ＦＡＸ（二十五）千二百十三◆君津広域水道企業団職員
336,交通誘導など定員三百人（先着順）対象高校生以上（一般社会人を含む）の個人またはグループ申し込みはがきまたはファクスで住所、氏名、年齢、電話番号、参加できる日、希望業務（参考）
337,▶定員十五人（先着順）▶内容誰でもできる簡単引きしめトレーニング▶申し込み当日、午前十時三十分からフロントで受け付け４イブニングワンポイントスイム▶とき２月十五日〜３月十四日
338,＝無料▽定員＝百二十人・当日先着順。託児は９月９日（火）から電話か同所窓口で申し込みが必要。月曜・第４木曜は休館広報くるめの点訳版・音訳版のご相談は広報広聴課☎三十．九一一九、
339,られた利益に相当する金銭の支払を請求することができない。６役務提供事業者は、役務提供契約につき申し込みの撤回等があつた場合において、当該役務提供契約に関連して金銭を受領しているときは、申し込み者等
340,▽内容＝地域で支える認知症予防とネットワークについて▽受講料＝無料▽申し込み不要問久留米大学医学部看護学科（☎三十一．七九六〇、ＦＡＸ三十一．七七一五）ＪＡＺＺライブコンサート▽８月二十三日（土）十三時〜
341,◇講師■■■■氏（奈良文化女子短期大学名誉教授）◇受講料一般五百円（山の辺文化会議会員は無料）☆申し込みは不要です。◆問い合わせ文化センター（☎６３‐５７７９／月曜日と祝日は休館）へ夏
342,土）十時〜十三時三十分／ところ女性センター／定員四十人／料金二百円／申し込み４月３日（木）まで■■☎ＦＡＸ■■■■■■■■ホッキで作る健康料理／とき
343,４団体が参加予定である。利用登録者は、電話・ファクシミリ・パソコン通信・街頭端末などの複数のアクセス手段を使い、予約の申し込みや施設利用の抽選結果の確認を二十四時間行うことができ、使用料については口座振替により自動的に徴収される
344,▽北野公民館▽内容＝小学校読書会発表、おはなしおばさんのお話など▽参加料＝無料▽申し込み不要問北野総合支所文化スポーツ課（☎七十八．二三〇八、ＦＡＸ七十八．七二八三）ファミリー・サポート・センターおねがい会員養成講座▽９月７日（日）十時〜十二時
345,先着二十人。費用受講無料。申し込み８月十九日（火）午前９時から電話で申し込み。◆ママたちのおしゃべりタイム参加者募集子育てのことや自分のことなど自由におしゃべりし、リフレッシュしましょう
346,十五：三十【対象】一般【定員】五十人（申し込み多数の場合抽選）【料金】無料【申し込み】往復はがきに講習会名、講習日、住所、氏名、電話番号を記入のうえ、東谷山フルーツパーク（〒
347,日程表の中から第１・第２希望を選び、郵送または市役所健康推進課窓口にお越しください。電話での申し込みは受け付けませんのでご了承ください。▼決定した日程は９月上旬に個人通知します。申し込み期限８月
348,除く。以下この条において同じ。）若しくは指定権利を販売する契約若しくは指定役務を提供する契約の申し込みを受けた場合における当該申し込みをした者又は割賦購入あつせん関係販売業者若しくは割賦購入あつせん関係役務提供事業者の営業所等以外の場所において割賦購入あつせん
349,日時３月十六日（日）午前十時〜正午場所野塩児童館（野塩地域市民センター内）持ち物エプロン申し込み３月３日から電話で野塩地域市民センター☎四百九十三．四〇一四へパソコン教室１サタデーＰＣ談話室ＩＴ講習受講後のフォロー教室です。どうぞ
350,その母親▼定員十五人▼持参する物母子健康手帳、バスタオル、オムツ▼参加費無料▼申し込み十一月４日（火）から電話で、同センター（☎０２７７‐２０‐４４００）へ裁判員制度●来年の
351,定員／三十人（定員を超えた場合は抽選）参加費／２千円（テキスト代）申し込み／十一月十四日（金）（必着）までにはがき、ファクスまたはメールで「シニアパソコンボランティア養成講座」受講希望、
352,９時〜午後３時■場所市商工会（南町）日頃の成果をご披露ください第三十三回上山市女性のつどいアトラクション出演団体募集●申し込み生涯学習課内線３１４■日時２月十五日（日）■場所体育文化センター（今年度
353,●４月二十五日〜６月二十日の隔週金曜午前十時〜十一時三十分●１歳６か月児〜２歳６か月児と保護者●申し込みは４月十一日から先くつろぎタイムは美味しいお茶で￥●４月二十五日（金）十時〜正午
354,とき。二当該販売業者の販売する指定商品若しくは指定権利若しくは当該役務提供事業者の提供する指定役務につき売買契約若しくは役務提供契約の申し込みをした者又はこれらにつき売買契約若しくは役務提供契約を締結した者に対し、主務省令で定める方法
355,に金銭消費貸借契約（融資契約）を締結された方は平成二十年１月三十一日までに申し込みください。（申し込みが遅れると、平成十九年分の償還に係る利子分については、補給されません
356,多数抽選【参加費】千円＊別途テキスト代などが必要パソコンふれあい館・せやの会員は割引特典あり●申し込み７月二十一日（必着）までに、往復ハガキに〒住所・氏名・電話番号・希望講座名・会員の場合は会員番号、返信用あて先を
357,高騰してしまうので、株式の買付価格、買付予定株式数などを新聞広告などで公告することにより、買付の申し込みを勧誘することができることになっています。そして、この株式の公開買付のことを通常ＴＯＢと呼ぶのです
358,▼対象市グラウンド・ゴルフ連盟会員と加入希望者▼参加費三百円（新規加入者は別途年会費五百円）▼申し込み当日受け付けは新規加入者だけ、午前８時までに年会費と参加費を持参して、直接会場へ
359,再就業を希望する方二十人申し込み方法十一月十七日（月）までに電話、ＦＡＸまたはＥメールで申し込み※参加無料（託児あり）親子・家族向け掛幼まつり「ありがとう、さようなら掛川幼稚園」問掛川幼稚園（☎２２‐９２８８）とき
360,ピアノ演奏とお話■■■■さん（エリザベト音楽大学講師）プログラム「版画」「こどもの領分」ドビュッシーほか※申し込み不要（観覧料が必要）◆「版画制作」ワークショップ日時４月二十九日（祝）十三：三十〜十六：三十対象
361,（１２は同じ内容）【対象】調理従業者・食品関係事業者【内容】最近の食品衛生事情（■■■・（社）東京都食品衛生協会）【申し込み】当日直接、会場へ。【問合せ】衛生課食品保健係（第２分庁舎３階）☎（五千二百七十三）三千八百二十七
362,など。十月二十二日（水）午前十時〜正午、土崎公民館で。無料。先着十組。申し込みは十月十日（金）午前９時から土崎公民館へ。☎（八百四十六）千百三十三ベビーマッサージ講座生後２か月
363,十一時〜午後７時会場＝スズラン脇イベント広場およびもてなし広場対象＝音楽や踊り、パフォーマンスを披露する個人・団体など申し込み＝９月十日（水）までに商工会議所☎２３４‐５１１１へ発明や英会話クラブ員など募集します児童文化センター■
364,プログラミングに挑戦￥●７月二十日（日）午前十時〜午後３時三十分●小学５年生以上●申し込みは７月５日まで抽磯子スポーツセンター杉田５‐三十二‐二十五☎７７１‐８１１８ＦＡＸ７７１‐８１２０ボディーコンディショニング￥
365,ます。▼対象昭和三十三年１月１日から十二月三十一日までに結婚した町内在住のご夫婦▼申し込み住所、氏名、生年月日、電話番号、婚姻年月日、本籍を明記の上、８月８日（
366,肩こりや腰痛予防に効果がある真向法体操の話と実技対象：成人二十人（無料）申し込み：十月２日（木）（必着）までに、往復ハガキで葵生涯学習センターへどうぞ（〒４２０‐０８６５葵区東草深町
367,料理を作って暮らす私をレポートしたいというテレビ局まで現れました。雑誌の撮影の申し込みもたくさんありました。地元の信濃毎日新聞からもお菓子と料理のエッセイを依頼され
368,対象＝一般、三十人（抽選）費用＝六千五百円（国際交流協会員でない人は年会費二千円も）申し込み＝９月十日（水）までに往復ハガキで。講座名・住所・氏名・電話番号を明記し、〒３７１‐００２３本町一丁目５‐
369,、自らも「機能不全家族」をつくっているのではと思うのです。この書き込みのメールマガジンの申し込みはｈｔｔｐ：／／ｗｗｗ．ｍａｇ２．ｃｏｍ／ｍ／００００１８０９８３．ｈｔｍｌでお願いします。
370,十八歳以上●当日先フットサルワンデーリーグ￥●５月９日・二十三日の金曜午後９時〜十時三十分●十八歳以上●申し込みは各開催日の１か月前から先着４チーム（１チーム５人以上）※詳細はセンターに問合せをＵＲＬｈｔｔｐ：／／ｗｗｗ．ｙｓｐｃ．ｏｒ．ｊｐ／ｉｓｏｇｏ＿ｓｃ／
371,（日）９：００〜【場所】志段味スポーツランド競技場【対象】区内在住または在勤・在学者【料金】無料【申し込み】２／８（金）までにまちづくり推進室へ（電話可）守山図書館☎７９３‐６２８８ＦＡＸ７９３‐６２８９◆おはなし会
372,秋田わか杉国体記念・市民スポーツ祭体操日時／十一月十五日（土）午前十時〜会場／市立体育館参加費／三百円申し込み／十一月８日（土）まで秋田市体操協会の■■さん☎（八百二十八）七千七百五十綱引き日時／十二月
373,の受け付け・誘導、舞台準備３民族衣装試着コーナーなどの準備・運営４会場の設営、駐車場の整理など５国際理解ワークショップの企画・運営■申し込み五月三十一日（土）までに、はがきかファクスで住所、氏名、年齢、性別
374,〒３７０‐０４９５粕川町五百二十）へ※はがき１枚で二人まで申し込みできます。一人で２通以上の申し込みは無効です。ＮＰＯ啓発講演会市民活動推進課☎４７‐１９２２▼日時十一月十二日（水）、午後１時三十分
375,（２月１日、二十九日のみ）／会場＝町田ボランティアセンターほか／定員＝二十人／費用＝千円／申し込み＝１月４日から電話で町田ボランティアセンター（☎七百二十五．四四六五）へ。●グッドタイム教室「みんなで健康！
376,定員十組（先着順）。対象生後６カ月前後の乳幼児と保護者。費用無料。申し込み４月二十五日（金）午前十時から電話または直接窓口へ。新入学児童・園児を交通事故や犯罪
377,７時〜９時会場／生品行政センター参加費／五百円（刀、はかまなどは無料貸し出し）申し込み／電話で祥刀流祥煌舘（■■さん☎■■■■■■■■■■■■■）へ韓国語初心者講習会日時／十一月十三日〜平成二十一年４月
378,）午前９時三十分〜午後１時三十分／坪井病院問総務課料金の記載のないものは無料。申し込みで抽選等の記載のないものは先着順。１月の市政広報番組ガイド問広聴広報課☎９２４‐２０６１※広報こおりやま掲載
379,は十四日）、午前９時〜十二時【費用】無料【持ち物】上履き・タオル・飲み物（自動販売機あり）【申し込み】当日直接、会場へ。【問合せ】四谷ひろば運営協議会☎（三千三百五十八）九千百四十へ。（２
380,特徴●電話回線とモデム（多くのパソコンに内臓）を利用するので特別な工事も、申し込みの必要もない。●通信速度が４種類のなかでいちばん遅い。ＩＳＤＮ常時接続通信速度六十四Ｋｂｐｓ
381,ますので、参加希望者はお申し込みの上、昼食を持参してください。探鳥会は申し込み不要です。▼申し込み■■さん（☎■■■■■■■）高齢・介護グループからのお知らせ申し込み☎八十五
382,保護者四十組（申し込み順）持ち物子ども用スリッパ申し込み方法十一月十日（月）から電話または電子申請で申し込み※参加無料。記念品付き県立農林大学校「農大祭」県農林技術研究所公開デー問県立農林大学校（☎０５３‐３６‐１５６０）問農林技術研究所（☎０５３‐３６‐１５５３）とき
383,（多目的室１．２）対象：幼稚園就園前の子どもとその保護者▼共通事項持ち物：飲み物、バスタオル申し込み：不要直接会場へ問合せ：社会福祉協議会☎（五十二）七千八百三十五■親子でリトミック教室子ども
384,抽親子でパンづくり￥●６月７日（土）午前十時〜正午●小学生と保護者●申し込みは５月十一日から先上中里地区センター上中里町三百九十七‐２☎７７３‐３９２９ＦＡＸ７７３‐３９３９パネルシアターと
385,活動に参加してみませんか。【会場】市谷小学校（市谷山伏町１‐３）【申し込み】はがきかファックスに記載例（３面参照）のとおり記入し、各開催日の２日前（８月二十一日の
386,日頃の生活で取り組める省エネ行動、省エネ家電についてなど【講師】■■■■（消費生活アドバイザー）【申し込み】不要【問合せ】函南町環境衛生課☎０５５（９７９）８１１２伊豆中央高等学校吹奏楽部冬のコンサート【日時】十二月二十一日（日
387,▽１日＝南部クリーンセンター・小俣処分場◇…集合場所まで無料バスで送迎します。対象十五人以上二十七人までの団体申し込み電話でクリーン推進課☎二十二千百四十三募集ごみ減量などの推進標語私のごみゼロ提案対象
388,四千八百九十四〈区役所区民企画担当（市民活動推進）☎六千三百八‐九千七百四十三〉二千八年度青少年育成淀川区民大会〜若い力で輝け淀川区〜入場無料申し込み不要南アフリカ音楽にふれてみよう出演ＮｋｏｓｉＡＦＲＩＣＡ（ンコシ・アフリカ）南アフリカ共和国の伝統楽器マリンバ（木琴）
389,】プロポーザル方式。第１次審査（書類審査）の通過者に、十月中に第２次審査（プレゼンテーション・ヒアリング）を実施【申し込み】所定の申請書と必要書類を、９月二十二日（月）までに環境対策課エコライフ推進係（〒１６０・８４８４歌舞伎町
390,（木）、７月３日（木）午前十時〜十一時●４か月児〜１歳児と保護者●申し込みは６月十一日から先住まいの修繕学校￥●６月二十八日（土）午前十時〜正午●
391,を受け付けています。ご案内と申し込み書は「広報かけがわ十月十五日号」へ折り込み配布しました。申し込みをされる方は、お早めに最寄りの金融機関で手続きをお願いします。申し込み期間十一月
392,定員◆二十名受講料◆千二百円材料費◆二千四百円エコ・ハウス「わくわく講座」ＴＥＬ二十三．五一四四７月１日（火）から申し込みを受け付けます。不用なものがリサイクル・リフォームで生まれ変わる楽しさをエコ・ハウスで体験しませんか。
393,賠償が認められないかが問題となる。たとえば、フランチャイズ契約を締結する以前に同契約の申し込みをした者が相手方からすでに種々の説明、助言を得て、それに基づい
394,パソコンの基本操作ができる人。動作環境は京都ｅラーニング塾のホームページ（ｈｔｔｐ：／／ｉｎｆｏ．ｐｒｅｆ．ｋｙｏｔｏ．ｌｇ．ｊｐ／ｅｌ／ｇｅｎｅｒａｌ／）で確認してください。◆申し込み…いずれの講座も京都ｅラーニング塾のホームページからお申し込みください。メタボリック予防の基礎知識◆配信期間…十二月三十一日（
395,平成二十一年４月分は十月２日木から受付（平成二十一年５月分は十一月１日土から受付）申し込み・お問い合わせ＝紀南文化会館（☎０７３９二十五三千三十三）催物情報＝ｈｔｔｐ：／／ｗｗｗ．ｋｉｎａｎｂｕｎｋａｋａｉｋａｎ．ｊｐ市スポーツ施設（テニスコート）利用抽選日
396,で、個人でも利用できるものと、法人に限るものがある。導入費用や手数料、申し込みの方法などについては二百五十二、二百五十三ページを参考に。プリペイドカード決済●お客さん側が事前にプリペイドカードを
397,の交換・仲間づくりの場今月は保健師・栄養士による育児相談あり（十時〜十一時）対象・定員・費用乳幼児とその保護者三十組・無料申し込み不要直接公民館へ●図書館のホームページｈｔｔｐ：／／ｗｗｗ．ｌｉｂ．ｃｉｔｙ．ｓａｉｔａｍａ．ｊｐ／浦和区保健センターからのお知らせ・対象は、区内在住
398,の角度から新しいブラジルを知る定員百人（先着順）講師■■■■さん（立命館大学教授）申し込み十月三十日（木）午前十時から電話または直接、浜松国際交流協会へ「冬ほたキャンドルナイト
399,六千二十五ヨガでアンチエイジング千秋矢留寿学級の公開講座で、どなたでも受講できます。無料。先着三十人。申し込みは、十月十四日（火）から東部公民館へ。☎（八百三十四）二千二百六日時／十月二十三日
400,報償金●月二千円募集人数●百人（地域性を考慮して選考し、結果は文書で通知）申し込み●「あなたが実践しているごみ減量の取り組みについて」と、住所・氏名・年齢・職業・電話番号を、はがき（
401,〜４時▽内容…古着を使った布ぞうり作り▽定員…先着二十人▽参加費…五百円▽申し込み…十月十四日（火）〜三十一日（金）に環境企画課へ。《環境落語》▽とき
402,）▲一万二千六百円港・ウィロードサイズ（縦×横）▲百二．八センチ×百四十六センチ使用料（月額）▲四千二百円申し込み建設総務課☎（八百六十六）二千百三十二自助共助公助３つの連携で高齢者が安心して
403,もって帰らなくても」と、ウォードはいまになっていっている。「回答期限つきの申し込みがあったんだ！全員がもうかったのに！だけど、ダリルはとにかくあの
404,２月１日（金）〜十二日（火）、職員課※勤務日時・勤務場所および報酬は、募集要項ご確認ください。申し込み所定の用紙に必要事項を記入し、資格証明書等の写しを添付して職員課へ■臨時的任用職員（
405,、文字入力ができる人▽受講料＝二千円▽定員＝十七人・抽選。託児は事前の申し込みが必要【２ビデオボランティア養成講座】▽十月４日から十一月十五日までの土曜、十月二十六日（日）
406,商品を送付した場合又は申し込み者等に対してその売買契約に係る商品以外の商品につき売買契約の申し込みをし、かつ、その申し込みに係る商品を送付した場合において、その商品の送付
407,ただし、妊婦の方は、母体と胎児の安全のため、受講をご遠慮下さい。○申し込み１月二十二日までに電話またはＦＡＸで同センター（☎ＦＡＸ七百二十四．〇九〇一）へ。野津田公園【更新実験林
408,をした者に対して割り当てる特定社債をいう。以下この節において同じ。）の引受けの申し込みをしようとする者に対し、次に掲げる事項を通知しなければならない。一商号及び業務開始届出
409,ものは無料、参加自由。◎申し込み・参加の対象者は市内在住・在勤・在学の人。◆ハガキなどでの申し込み◎右記の要領で必要事項を記入してください。◎往復ハガキの場合は、返信用にあて先
410,作るとき５月５日（月）十時〜十二時対象小・中学生定員十六人申し込み順申し込み４月十日（木）から子５月の木工教室組木パズルを作るとき５月十八日（日
411,【料金】無料【場所】福祉会館大広間【日時】６／十七（火）十三：三十〜十五：００【申し込み】当日先着順六十人【持ち物】日本手ぬぐい生涯学習センター☎７９１‐７１６１ＦＡＸ７９１‐７１６２◆ようこそ守山へ【内容
412,などについて詳しくは、「入居募集のごあんない」をご覧ください・★の住宅の申し込みにはさらに条件があります・配偶者間暴力被害者の方の申し込み条件等についてはお問い合わせください
413,詳細は駅や主な旅行会社のパンフレットなどをご覧下さい。なお、二人以上での申し込みが必要です。」と言う記事も
414,駿府公園〜久能山東照宮対象：十八歳以上の女性十人（無料）※未成年者は保護者の同意が必要申し込み：９月二十五日（木）〜、電話で駿府本山お茶まつり委員会（市農業振興課内☎３５４‐２０８７・申し込み順）へどうぞ非常勤嘱託職員を
415,に自己表現できること間違いなし。多数のカットから厳選した写真をポストカードサイズに仕上げてくれる（写真集製本）。申し込みはネットか電話で。↓ロケーションコース（写真集）６万円（十四枚）。ポートレイトコース１万円〜、
416,４月十一日から先くつろぎタイムは美味しいお茶で￥●４月二十五日（金）十時〜正午●申し込みは４月十一日から先住まいの修繕学校フローリングを直すコツ●４月二十六日（土）午前十時〜
417,）抽せんの申し込みは…利用日の３か月前の月初めより、お申し込みいただけます。抽せんの申し込みをするには、あらかじめ、各区生活課又はインターネット上（市内在住の方）で利用者登録（無料）
418,た団体◎営利団体◎暴力団やそれにかかわりのある団体◎社会福祉法人◎学区福祉委員会や地区社会福祉協議会▶申し込み…所定の申請書に必要事項を書き、十月三十一日（金）までに社会福祉協議会（☎２２‐５６５０
419,の周知などについては、講座の利用者でお願いします。・講師料＝無料・申し込み＝広聴グループまたは各総合支所ほかに置いてある申し込み用紙に記入し提出してください。申し込み用紙はホームページにも掲載してい
420,土日でもネット送金できますよ。また振込先にも即反映します。もしあなたがネットの申し込みをされていないなら、入金確認は週明けとなりますね。
421,“わ”の部屋〜」の■■■■さんのお話と交流▽参加料無料※事前の申し込みは不要です。▽問い合わせ先水〜土曜日…ボランティア支援センター（下白銀町、弘前文化センター１階、☎三十八．五五九五
422,を除き、書面により当該契約の申し込みの撤回又は当該契約の解除（以下この条において「申し込みの撤回等」という。）を行うことができる。この場合において、割賦購入あつせん関係販売業者又は割賦購入あつせん関係役務提供事業者は、
423,、認定には審査があり、対象者全員が認定されるとは限りません。認定の申し込みなど詳しいことは、事前に長寿社会課までお問い合わせください。※長寿社会課ＴＥＬ６７４‐６１１１人権擁護委員に■■■■さん石井町担当
424,対象：市内に住むか通勤する人とその家族、または市内で事業を営む人３人申し込み：十月十日（金）までに、電話で市商業労政課（☎３５４‐２４３０・多数選考）へどうぞ※電話相談
425,んか。日時８月十一日（月）午後１時〜３時。場所同センター１階多目的室。申し込み当日、直接会場にお越しください。◆健康増進講演会毎日の生活習慣病予防に役立つ講演会を開催します。
426,個人＝所定の申し込み書（払込取扱票・体育課および各総合支所にあります）に記入・押印のうえ、郵便局で申し込み▽団体＝渋川陸上競技クラブ（〒３７７‐０００４・半田二千八十三・加藤土建（株）内）へ◆申し込み期限十月十七日（金
427,がないか１回しか受けていない方【接種期限】二十一年３月三十一日（火）まで【申し込み】電話で保健予防課予防係（第２分庁舎３階）☎（五千二百七十三）三千八百五十九へ。後日お送りする接種票をお持ち
428,とおり案内の配布＝９月十九日（金）までの執務時間内に市役所管財課・総合案内、水道局、各支所・出張所へ申し込み＝９月十八日（木）・十九日（金）に売り払い担当各課へ。９月二十八日（日）
429,楽しい手品を披露します。１歳〜就学前の子どもとその保護者が対象。無料。申し込み２月二十七日から電話かＦＡＸで同センターへ。先着二十五組。▶ほっとルーム堺地域子育て支援センターでは
430,３月１日（土）午後１時〜４時場所アミューホール（その他多摩・昭島・調布会場もあり）※申し込みは、電話で２月十八日〜二十七日午前９時三十分〜午後５時の間に予約電話番号０４２・６４５・９４５１で
431,対象】保護者、地域で子育て中の人、子育て事業に関わる人【費用】千円【申し込み】５月十二日から電話で根岸星の子保育園【問合せ】根岸星の子保育園（☎７５２‐０２２２ＦＡＸ
432,小学生・三十人（先着順）参加費無料申し込み方法５月二十三日までに電話・ハガキ・ファックスで住所・氏名・学校名・学年・電話番号を申し込み。申問〒２９２‐８５０１潮見１‐１生涯学習課☎（二十三）五千二百七十八ＦＡＸ（
433,）午前十時〜午後３時会場／雄和公民館テキスト代／千五十円定員／先着十一人●申し込み十月二十日（月）午前９時から雄和公民館☎（八百八十六）五千五百八十五市勤労青少年ホームの講座三十歳代まで
434,三十一日（休業中は除く）○勤務時間午前８時三十分〜午後４時（週三十時間以内）○申し込み履歴書を１月十一日までに直接または郵送で指導課（〒１９４‐００２２、森野１‐三十三
435,とき平成二十一年３月三十一日までところ県内の実施医療機関対象県内在住の人料金無料申し込み電話で伊勢保健福祉事務所（☎二十七五千百四十八）へ※申し込み後、伊勢保健福祉事務所から受診券が送付さ
436,●対象市内在住・在勤の方（学生を除く）●定員六十名●参加費六千円●申し込み６月二十三日（月）〜７月二十五日（金）に参加料を添えて体育課、または
437,問題に取り組んでいる団体や、消費者問題に関心のある団体は、ぜひご参加ください。▽申し込み十二月４日（木）までに電話で消費生活係☎五千九百十．三〇八九へ練馬区小中一貫教育校設置に関する基本方針を策定しまし
438,利用します【対象】区内在住、在学の小・中・高校生【主催】磯子区明るい選挙推進協議会【申し込み】９月三十日までに作品（１人１点）、共通事項、学校名、学年、標語・川柳の別
439,市民センターの休館日は、月曜日、祝休日の翌日（土・日曜日、祝休日を除く）◎はがき等による申し込みは「講座名、住所、氏名（親子、家族参加の場合は全員分）、年齢（小・中学生
440,は☎六十一局三千九百四十四番、県鎌倉保健福祉事務所は☎二十四局三千九百番夏休み！こどもインフォメーション問…問い合わせ申…申し込み〜定員表示のない催しは参加自由、料金表示のない催しは無料〜学習センターに行こう鎌倉生涯学習センター（
441,。活動は週１回程度で、参加者が自主的に決める。対象者はボランティア団体や個人。申し込みは区清掃リサイクル課（☎３６４７・９１１１）へ。締め切りは９月５日。▽図書館員の苦労知る
442,から先梅を使った料理作り￥●６月十四日（土）午前十時〜午後１時●申し込みは５月十九日から先カウンセラーによるストレスケア●脳疲労を改善してリラクセーションを体験しよう●６月十五日（
443,（申し込み順）参加料千円持ち物裁縫セット申し込み方法十一月十六日（日）までに電話で申し込み（月曜日休館）千浜農村環境改善センター特別講座正月を迎える干支の折り紙教室申問千浜農村環境改善センター（☎７２‐５０２８）とき十二月６日（
444,提供の方法により指定権利を販売する契約又は指定役務を提供する契約における申し込み者等は、当該契約につき申し込みの撤回等を行つた場合において、当該契約に係る役務の提供に伴い申し込み者等の土地又は
445,。１本市在住で二十歳以上２ほかに本市付属機関の委員になっていない３平日昼間の会議に年２回程度出席できる申し込み＝９月十四日（日）までに郵送または直接。応募の動機や児童の健全育成に対する
446,に大きな利益をもたらすものだからＥＵは熱心なのでしょうね。この書き込みのメールマガジンの申し込みはｈｔｔｐ：／／ｗｗｗ．ｍａｇ２．ｃｏｍ／ｍ／００００１８０９８３．ｈｔｍｌでお願いします。
447,から出産予定のママ・パパ▼定員四十人▼持参する物母子健康手帳、筆記用具▼参加費無料▼申し込み十一月７日（金）から電話で、太田市保健センター（☎４６‐５１１５）へ掲示板関東学園大学三松祭期日／
448,…バスタオル・水着・水泳帽（排泄が完了していないお子さんは水遊び用紙パンツを着用してください）、保護者…バスタオル・Ｔシャツ・半ズボン・水泳帽▶申し込み５月十二日（月）〜十五日（木）の９時〜十七時に電話で中央子育て支援センター保育所
449,ヴァイオリン■■■■ピアノ■■■■問合せ（財）歴史のみえるまちづくり協会（歴史のみち整備推進課内）☎２０‐５１０６※申し込みは必要ありませんが、座席を希望する人は早めにお越しください。雨天時は館内で
450,参加費（記載のないものは無料）、持…持ち物、企…企画、申…申し込み、問…問合せ冬のフェア０８花とみどりの相談所十二月６日土▷二十五日木花
451,をもってお越しください。申し込み受付日と受付場所（二次）上記日程以降の申し込みは二次受付扱いとなり、申し込みは子育て支援センター☎９５２‐０６３４で受け付けます。この場合の受付は事前の予約が必要と
452,試合方法個人戦十六ホール▼参加資格町内在住、在勤、在学者▼参加費五百円（大会当日徴収）▼申し込み８月十日（日）〜三十一日（日）に総合体育館窓口にて▼問合せ■■■■ＴＥＬ
453,ことができる人▼募集人数全体で四十人▼課程全日制３年課程（共学）▼申し込み入学願書（学校事務室にある）に必要事項を記入して、郵送で３月３日（月）
454,機会にぜひご応募ください。対象市内在住・在勤・在学で十八歳以上の方任期２月〜十月（予定）申し込み２月二十二日までに応募動機を八百字程度にまとめ、住所・氏名・性別・電話番号を明記の上、郵送・持参・市ホームページ内にある
455,人で構成された十人以上の団体で、全員がスポーツ安全傷害保険などに加入していること。▶申し込み２月１日〜十五日午前９時〜午後４時三十分に指定の登録用紙と傷害保険などの証明書
456,、職業上の経験等、教えることを自己の生きがい、生涯学習としたい方はハガキで申し込みを。年齢・資格・地域制限なし」『広報しみず』に掲載される教授公募広告は、第一回から十六年間継続して行わ
457,十時〜午後２時来院時間は申し込みの際に決定【費用】部品代として三百円程度●申し込み９月十日まで電前直瀬谷図書館〒２４６‐００１５本郷三丁目二十二‐１☎３０１‐７９１１
458,（日）午後１時〜３時内容行灯体験ショー、くずし字の秘密ショー、むかしの薬づくりショーなど※申し込みは不要です。入場料無料開館時間午前９時〜午後５時（常設展示室をゆっくりご観覧いただくために
459,文法に基づいているからでしょう」国語辞典には丁寧語の意味も書かれている。「申し込み」「申し出」「申し付け」「申し送り」などの「申す」は、すでに謙譲や
460,３時三十分会場／市老人福祉センター受講料／無料定員／三十人（応募多数の場合は抽選）●申し込み十月十日（金）まで市社会福祉協議会☎（八百六十二）七千四百四十五（平日午前十時〜午後３時
461,）内容／ネイティブ教師による教室定員／各十人参加費／月額２千円（テキスト代）申し込み／電話で、ＮＰＯ法人ぐんまウイング（☎４７‐１６７８）へＮＰＯボランティア講座日時／９月十七日（水）、
462,」の成立時期については、民法で次のように定められています。まず、申し込みの意思表示は、相手に到達しないと効力を持ちません。つまり、勝手に申し込ん
463,▽相談電話番号＝０９２・７２２・４１３１▽面談相談のみ９月８日（月）十時からの平日に事前の申し込みが必要申県司法書士会（☎０９２・７２２・４１３１、ＦＡＸ０９２・７１４・４２３４）弁護士無料法律相談▽多重債務相談・月〜金曜十時〜十一時三十分、
464,定員／学生、または市民活動に関心のある人先着二十人参加費／二百円（飲み物代）申し込み／電話、ファクスまたは直接市ボランティア・市民活動センター（☎八百三十五．〇一二二ＦＡＸ八百三十五．〇〇九八）へ。スポーツおはようミニマラソンとき／
465,）。日時４月二十二日（火）午前十時（火）正午。場所同センター裏庭。申し込み４月十一日（金）〜二十一日（月）に電話で受け付け。◇春の演芸発表会
466,午後２時〜３時三十分対象＝中学生以下を除く、四十人（抽選）費用＝二千円と施設利用料申し込み＝８月十五日（金）（必着）までに往復ハガキで。住所・氏名・年齢・電話番号を明記し、〒３７１‐０８１６上
467,についてもっともっと知りたいというお母さん、専門家の方々の意見を聞いてみませんか。申し込みの締切日がせまっていますので、お早めに。日時●５月十二日、十〜十六時場所●
468,なら問題ないでしょう。ただし、その会社での支払いが遅れていたりするとあなたの申し込みがお兄様への名義貸しではないかと懸念を抱き、審査に影響を与える可能性は否定でき
469,☎（八百八十六）五千五百八十五市勤労青少年ホームの講座三十歳代までのかたが対象です。会場はサンパル秋田。申し込みは、十月二十一日（火）午前９時から市勤労青少年ホームへ。☎（八百二十四）五千三百七十八韓国を
470,保護者に交通遺児手当を支給しています。▼支給額遺児１人につき月額三千円▼申し込み交通事故を証明する書類と死亡診断書または障害を負っていることを証する書類（コピー可）、
471,芸大卒業生によるコンサートやベルギーのグルメビールと料理を味わう交歓会などでワールドカップを盛り上げる。三千八百円。申し込みは先着順（定員百二十人）。ＫＥＩＺＡＩＮＥＷＳ暮らしと経済ＷＥＥＫＬＹＭＥＮＵ週間メニュー月曜日
472,▶生きがい推進課・☎２２１‐２９８６シニアオープンカレッジ受講生募集■対象原則として五十歳以上の人■参加費無料■申し込み９月十日（水）から、各大学へ（先着順）。詳しくは問い合わせを。１回
473,との協働」▼講師■■■さん（ＮＰＯ法人自然王国ほその村専務理事）▼参加費無料▼申し込み電話で、市民活動推進課へ募集押し絵教室高齢者総合福祉センター☎３７‐７０００▼期日・会場十一月十二日（水）＝
474,申し込み書は、十月１日（水）から各保育園と各区の保育児童課で配布します。※申し込みは児童１人につき１枚です。５月以降に入園を希望する人も、この期間に申し込み
475,となりますので、クレジットカードを持っていないと契約できません。ＦＡＸや郵送での申し込みなら、銀行振替での支払いを選べる場合があります。支払い条件はプロバイダによって異なりますから
476,のダウン症児とその両親十組（無料）内容：ダウン症児の親が教えるベビーマッサージ、交流会など申し込み：９月二十五日（木）、午後０時三十分〜、電話で女性会館（☎２４８‐７３３０・申し込み順）へ
477,と魅力をやさしくトークします定員五十人（先着順）講師■■■さん（ジャズ研究家、音楽講師）申し込み十一月４日（火）午前十時から直接または電話ではまゆう図書館へ第十五回浜北クリスマスコンサート浜北文化センター☎五百八十六．五一五一
478,明治安田生命ホール（名古屋市）対象一般、高校生参加校大学二十九校、大学院十三校、短期大学７校※申し込み不要、入場無料、入退場自由問い合わせ（財）私立大学通信教育協会☎０３（３８１８）３８７０ガス溶接技能講習会金属の溶接や溶断、
479,誕生した３結婚した４満六十歳になった樹木＝バラ、ツツジ、ライラックのいずれか１本申し込み＝９月二十六日（金）までに往復ハガキで。住所・氏名・電話番号・希望樹木・１は建築確認番号２は子供の
480,３月９日（日）午前８時、ラポールひらかた奥大型バス発着場集合。参加費三千五百円。弁当持参。▼申し込み往復はがきに住所・氏名・ふりがな・年齢・電話番号を書いて〒５７３‐０１５５藤阪天神町５‐１市文化財研究調査会へ（１枚２人まで）。２月
481,日程十月十九日（日）。雨天時二十六日（日）。場所淀川河川公園（西中島地区）申し込み住所・氏名・電話（ＦＡＸ）番号を記入し、はがき・ＦＡＸ・ｅ‐ｍａｉｌで。８月８日（金）必着。あて先・問合せ
482,幼児は保護者同伴）●定員先着三十人●参加費三百円（材料費）●申し込み２月十九日（火）午前十時から電話でｅｃｏ‐Ｔ羊毛フェルトのモビール作り●とき
483,ないときは、電源プラグを抜きましょう。（約六十ｋｇ・約三千四百円）電気使用量が一目でわかるワットアワーメーター貸し出し中申し込みは当係まで環境月間企画エコライフ講座ファインダーからみた環境とエネルギー◇日時など…６月二十日（金
484,による「歌はともだちコンサート」で楽しみながら、親子で交通安全を学びます。無料。▶申し込み２月４日午前９時から市役所別館５階交通対策課で整理券を先着順に配布。問交通対策課☎八百四十一．一二二一代、
485,抽選。注意事項１通１講座。１人２講座まで申し込めますが、受講できるのは１講座です。申し込みの際、それぞれのはがきに「第１希望」、「第２希望」と明記（今年度、中央
486,。写真コンテスト【内容】シダレザクラまつり期間中の園内の風景・スナップ作品を募集します。奮って応募してください。【申し込み】東谷山フルーツパーク事務室まで持ち込みまたは郵送にて受け付け【締切】４／三十（水）必着【問合】〒
487,先着順▽申し込み開始＝８月二十二日（金）▽申し込み方法＝電話。託児は事前の申し込みが必要申白峯子育て支援センター（☎ＦＡＸ四十三．五二〇〇）消防設備士法定講習▽十一月１５日（水）、２６日（木）
488,午後２時（全５回）ところ：静岡大学構内（駿河区大谷）対象：小学生四十人会費：二千円申し込み：９月二十九日（月）までに、往復はがきに住所、氏名、学年、保護者名、電話番号
489,遅い子の事例を参照のこと）。２子どもの心理臨床の流れ「相談・治療の申し込み」から「診断セッション」まで筆者が所属する相談室では，図十二‐１に示し
490,や草花をモチーフに絵手紙を描く▼定員十五人▼参加費無料▼申し込み１月十一日（金）午後１時三十分〜２時に直接原市集会所へ２健康吹き矢教室▼とき１月
491,出産入院の申し込みをそろそろしないといけないのですが、一日の個室料金が一万二千円というのは、高い
492,た場合には，五百二十五条は適用されない。申し込み者が反対の意思を表示して申し込みをなした場合，申し込み者の死亡または能力喪失の能力が発生したときには申し込みは
493,ません。定員先着二十人参加費無料申し込み方法電話で次に申し込んでください（当日昼間の申し込みもできます）申し込み・問い合わせ本環境管理課☎（六十二）七千百九十三沼ッ原湿原植物観察会初夏の沼ッ原は
494,随時入退場可▼問い合わせ■■☎■■■■■■■■＊相談＊●新潟大学法律相談部無料法律相談申し込みが必要です。▼とき十二月十三日（土）午前十時〜午後５時▼
495,利用抽選日（十月分）抽選日＝９月十二日金抽選時間＝午前８時三十分抽選会場＝市民総合センター２階「交流ホール」申し込み・お問い合わせ＝スポーツ振興課（☎０７３９二十六四千九百七）各種相談◇各相談とも、相談日が
496,午前９時三十分〜正午【対象・定員】小学生二十人【参加費】三百円【持ち物】エプロン・三角きん・ふきん・ノート・鉛筆●申し込み往持８月二十日（必着）抽瀬谷和楽荘ガーデニング講座観葉植物を使ってお部屋のクールダウン
497,八十五五千五百一）健康相談・診査申し込み・問い合わせ健康推進グループ（しんた二十一内☎八十五０１００）『▼申し込み』『▼問い合わせ』中の『Ｇ』は『グループ』の略です。◎４カ月児健康診査▼月日
498,六十五歳以上で、公民館まで来ることのできる人。申し込み方法開催日の５日前までに電話で申し込み。申問【市】高齢者福祉課☎（二十三）二千六百三十◆十六ミリ映写機操作講習会同じ内容で２回開催し
499,８時三十分（全４回）内容：初心者向けの川柳講座対象：どなたでも三十人会費：三百円申し込み：９月十七日（水）（必着）までに、往復ハガキで葵生涯学習センターへどうぞ●カウンセリングを通じて
