,compound unit,context,segmented,split units,the unit is split,compound unit form,unexpected segmentation,unexpected joining
0,全権,れた。５月二十九日、バイニマラマ軍司令官が法と秩序の回復と人質解放を目指すとして全権を掌握の上、戒厳令を布告。マラ大統領は辞任し、現行憲法は廃止された。その,"['れた', '。', '５', '月', '二十九', '日', '、', 'バイニマラマ', '軍', '司令', '官', 'が', '法', 'と', '秩序', 'の', '回復', 'と', '人質', '解放', 'を', '目指す', 'と', 'して', '全権', 'を', '掌握', 'の', '上', '、', '戒厳', '令', 'を', '布告', '。', 'マラ', '大統領', 'は', '辞任', 'し', '、', '現行', '憲法', 'は', '廃止', 'さ', 'れた', '。', 'その']",['全権'],NO,全権,NO,NO
1,全権,そのままＣｙｇｗｉｎ上でも生きています。Ｕｎｉｘには、「スーパーユーザー」（ＳＵ）という全権をもったユーザー概念がありますが、Ｗｉｎｄｏｗｓにはスーパーユーザーの概念がありませんので,"['そのまま', 'Ｃｙｇｗｉｎ', '上', 'でも', '生きて', 'い', 'ます', '。', 'Ｕｎｉｘ', 'に', 'は', '、', '「', 'スーパー', 'ユーザー', '」', '（', 'ＳＵ', '）', 'と', 'いう', '全権', 'を', 'もった', 'ユーザー', '概念', 'が', 'あり', 'ます', 'が', '、', 'Ｗｉｎｄｏｗｓ', 'に', 'は', 'スーパー', 'ユーザー', 'の', '概念', 'が', 'あり', 'ませ', 'ん', 'ので']",['全権'],NO,全権,NO,NO
2,全権,の設立は組長にとって、冷酷で現実的なビジネスマンである木戸尚人の鼻を明かし、組の全権を握るためのいわば、ひとつの賭けでもあったのです」しかし情勢は必ずしも組長側,"['の', '設立', 'は', '組長', 'に', 'とって', '、', '冷酷で', '現実', '的な', 'ビジネスマン', 'である', '木戸', '尚人', 'の', '鼻', 'を', '明かし', '、', '組', 'の', '全権', 'を', '握る', 'ため', 'の', 'いわば', '、', 'ひと', 'つ', 'の', '賭け', 'で', 'も', 'あった', 'のです', '」', 'しか', 'し', '情勢', 'は', '必ずしも', '組長', '側']",['全権'],NO,全権,NO,NO
3,全権,今日の古文書学』三・中世）。この時の利家は、北国勢の総指揮者であるが、全権を委任されていたとは言い難い。むしろ、まめに秀吉に連絡し、その指示を,"['今日', 'の', '古文書', '学', '』', '三', '・', '中世', '）', '。', 'この', '時', 'の', '利', '家', 'は', '、', '北国', '勢', 'の', '総', '指揮', '者', 'である', 'が', '、', '全権', 'を', '委任', 'さ', 'れて', 'いた', 'と', 'は', '言い難い', '。', 'むしろ', '、', 'まめに', '秀吉', 'に', '連絡', 'し', '、', 'その', '指示', 'を']",['全権'],NO,全権,NO,NO
4,全権,が讒訴することができる時代は過ぎ去るというのです。真の父母の全権時代、全体、全般、全権、全能の時代が来るというのです。真の父母が権限を行使できる時代が来るという,"['が', '讒訴', 'する', 'こと', 'が', 'できる', '時代', 'は', '過ぎ', '去る', 'と', 'いう', 'のです', '。', '真', 'の', '父母', 'の', '全権', '時代', '、', '全体', '、', '全般', '、', '全権', '、', '全', '能', 'の', '時代', 'が', '来る', 'と', 'いう', 'のです', '。', '真', 'の', '父母', 'が', '権限', 'を', '行使', 'できる', '時代', 'が', '来る', 'と', 'いう']",['全権'],NO,全権,NO,NO
5,全権,が讒訴することができる時代は過ぎ去るというのです。真の父母の全権時代、全体、全般、全権、全能の時代が来るというのです。真の父母が権限を行使できる時代が来るという,"['が', '讒訴', 'する', 'こと', 'が', 'できる', '時代', 'は', '過ぎ', '去る', 'と', 'いう', 'のです', '。', '真', 'の', '父母', 'の', '全権', '時代', '、', '全体', '、', '全般', '、', '全権', '、', '全', '能', 'の', '時代', 'が', '来る', 'と', 'いう', 'のです', '。', '真', 'の', '父母', 'が', '権限', 'を', '行使', 'できる', '時代', 'が', '来る', 'と', 'いう']",['全権'],NO,全権,NO,NO
6,全権,、まめに秀吉に連絡し、その指示を受けての軍事行動だったのである。秀吉が全権を握り、諸大名は「取次」を通じて秀吉に連絡し、その指示を仰いでいる点など,"['、', 'まめに', '秀吉', 'に', '連絡', 'し', '、', 'その', '指示', 'を', '受けて', 'の', '軍事', '行動', 'だった', 'のである', '。', '秀吉', 'が', '全権', 'を', '握り', '、', '諸', '大名', 'は', '「', '取次', '」', 'を', '通じて', '秀吉', 'に', '連絡', 'し', '、', 'その', '指示', 'を', '仰いで', 'いる', '点', 'など']",['全権'],NO,全権,NO,NO
7,全権,の影響ヴァルダナ帝国の姻戚で、宇宙三大交易港の一つであるテュランジア公国が出てきた。全権が大公妃に移るんだ・・・大公には子供いなかったようですね、兄弟,"['の', '影響', 'ヴァルダナ', '帝国', 'の', '姻戚', 'で', '、', '宇宙', '三', '大', '交易', '港', 'の', '一', 'つ', 'である', 'テュランジア', '公', '国', 'が', '出て', 'きた', '。', '全権', 'が', '大', '公', '妃', 'に', '移る', 'んだ', '・', '・', '・', '大', '公', 'に', 'は', '子供', 'い', 'なかった', 'ようです', 'ね', '、', '兄弟']",['全権'],NO,全権,NO,NO
8,全権,の連中が、新しい官僚貴族統治階級を形成することになる。この新しい階級は共産党独裁の権力とブルジョアジーの全権を一身に集め、中国の歴史上もっとも強大でもっとも富裕な統治集団になるであろう。,"['の', '連中', 'が', '、', '新しい', '官僚', '貴族', '統治', '階級', 'を', '形成', 'する', 'こと', 'に', 'なる', '。', 'この', '新しい', '階級', 'は', '共産党', '独裁', 'の', '権力', 'と', 'ブルジョアジー', 'の', '全権', 'を', '一身', 'に', '集め', '、', '中国', 'の', '歴史', '上', 'もっとも', '強大で', 'もっとも', '富裕な', '統治', '集団', 'に', 'なる', 'であろう', '。']",['全権'],NO,全権,NO,NO
9,全権,は国連軍）の占領下にあり、いいようにされることに義憤を感じても全権をもっている軍の前では口をつぐまざるを得ない状況だった。しかしロッキード事件は,"['は', '国連', '軍', '）', 'の', '占領', '下', 'に', 'あり', '、', 'いい', 'よう', 'に', 'さ', 'れる', 'こと', 'に', '義', '憤', 'を', '感じて', 'も', '全権', 'を', 'もって', 'いる', '軍', 'の', '前', 'で', 'は', '口', 'を', 'つぐま', 'ざる', 'を', '得', 'ない', '状況', 'だった', '。', 'しかし', 'ロッキード', '事件', 'は']",['全権'],NO,全権,NO,NO
10,全権,の文化事業だけを行なっているものもあれば、ゾロトゥーン州のビュルガーゲマインデのように帰化に関し全権を握り、市町村は口出しできないところもある。また、ルツェルン市のビュルガーゲマインデのように直接,"['の', '文化', '事業', 'だけ', 'を', '行なって', 'いる', 'もの', 'も', 'あれば', '、', 'ゾロトゥーン', '州', 'の', 'ビュルガーゲマインデ', 'の', 'ように', '帰化', 'に', '関し', '全権', 'を', '握り', '、', '市町村', 'は', '口出し', 'でき', 'ない', 'ところ', 'も', 'ある', '。', 'また', '、', 'ルツェルン', '市', 'の', 'ビュルガーゲマインデ', 'の', 'ように', '直接']",['全権'],NO,全権,NO,NO
11,全権,た。このとき鳥羽・伏見の敗戦後、江戸に逃げ帰った前将軍徳川慶喜は恭順の意を表し、全権を勝海舟に委任して上野寛永寺で謹慎していた。この恭順の誠意を東征大総督府に伝えるための,"['た', '。', 'この', 'とき', '鳥羽', '・', '伏見', 'の', '敗戦', '後', '、', '江戸', 'に', '逃げ', '帰った', '前', '将軍', '徳川', '慶喜', 'は', '恭順', 'の', '意', 'を', '表し', '、', '全権', 'を', '勝海舟', 'に', '委任', 'して', '上野', '寛永', '寺', 'で', '謹慎', 'して', 'いた', '。', 'この', '恭順', 'の', '誠意', 'を', '東', '征大', '総督', '府', 'に', '伝える', 'ため', 'の']",['全権'],NO,全権,NO,NO
12,全権,作戦命令者は司令官でしょうが。そんな馬鹿な軍隊はこの世のどこにもない。指揮官に全権がない軍隊は必ず負けるとは孫子の兵法の最初の方に書いてあることで,"['作戦', '命令', '者', 'は', '司令', '官', 'でしょう', 'が', '。', 'そんな', '馬鹿な', '軍隊', 'は', 'この世', 'の', 'どこ', 'に', 'も', 'ない', '。', '指揮', '官', 'に', '全権', 'が', 'ない', '軍隊', 'は', '必ず', '負ける', 'と', 'は', '孫子の兵法', 'の', '最初の', '方', 'に', '書いて', 'ある', 'こと', 'で']",['全権'],NO,全権,NO,NO
13,全権,各省の上に伸ばし、遠慮もなく各省大臣の頭上を通過し、一方には条約改正の全権を一手に握り、いわゆる強硬政略なるものを実行して、着々その功を奏せしかば,"['各省', 'の', '上', 'に', '伸ばし', '、', '遠慮', 'も', 'なく', '各省', '大臣', 'の', '頭上', 'を', '通過', 'し', '、', '一方', 'に', 'は', '条約', '改正', 'の', '全権', 'を', '一', '手', 'に', '握り', '、', 'いわゆる', '強硬', '政略', 'なる', 'もの', 'を', '実行', 'して', '、', '着々', 'その', '功', 'を', '奏せ', 'しか', 'ば']",['全権'],NO,全権,NO,NO
14,全権,た。その亡き後、中宗が立ったが、名目のみの皇帝であり、武后が全権を掌握していた。その果てには武后は自らを皇帝と名のった。上古の,"['た', '。', 'その', '亡き後', '、', '中宗', 'が', '立った', 'が', '、', '名目', 'のみ', 'の', '皇帝', 'であり', '、', '武', '后', 'が', '全権', 'を', '掌握', 'して', 'いた', '。', 'その', '果て', 'に', 'は', '武', '后', 'は', '自ら', 'を', '皇帝', 'と', '名のった', '。', '上', '古', 'の']",['全権'],NO,全権,NO,NO
15,全権,ほぼ確信していたから―攻撃を始めたがらなかった。そこで、陸海空軍の作戦に関して全権を与えられていたウィンストン・チャーチル卿は、主導権を握ろうと考えた。チャーチルは「ノルウェー・ギャンブル,"['ほぼ', '確信', 'して', 'いた', 'から', '―', '攻撃', 'を', '始め', 'た', 'がら', 'なかった', '。', 'そこ', 'で', '、', '陸海空', '軍', 'の', '作戦', 'に', '関して', '全権', 'を', '与え', 'られて', 'いた', 'ウィンストン', '・', 'チャーチル', '卿', 'は', '、', '主導', '権', 'を', '握ろう', 'と', '考えた', '。', 'チャーチル', 'は', '「', 'ノルウェー', '・', 'ギャンブル']",['全権'],NO,全権,NO,NO
16,全権,何グラム、塩何グラムといわねば気がすまぬという。その人が対ソ外交の全権をいま与えられたのである。木戸内大臣のせねばならぬ大役はもう一つ残っ,"['何', 'グラム', '、', '塩', '何', 'グラム', 'と', 'いわ', 'ねば', '気', 'が', 'す', 'ま', 'ぬ', 'と', 'いう', '。', 'その', '人', 'が', '対', 'ソ', '外交', 'の', '全権', 'を', 'いま', '与え', 'られた', 'のである', '。', '木戸', '内', '大臣', 'の', 'せ', 'ねば', 'なら', 'ぬ', '大役', 'は', 'もう', '一', 'つ', '残っ']",['全権'],NO,全権,NO,NO
17,全権,小泉氏が議会と憲法を停止するという強引な方法で全権を掌握し、自衛隊と警察組織をコントロールして治安対策と経済対策に強権を振るうといった事は起き,"['小泉', '氏', 'が', '議会', 'と', '憲法', 'を', '停止', 'する', 'と', 'いう', '強引な', '方法', 'で', '全権', 'を', '掌握', 'し', '、', '自衛', '隊', 'と', '警察', '組織', 'を', 'コントロール', 'して', '治安', '対策', 'と', '経済', '対策', 'に', '強権', 'を', '振るう', 'と', 'いった', '事', 'は', '起き']",['全権'],NO,全権,NO,NO
18,全権,である。辞書には「権利、資格、能力、力、権力、権威、権能、全権、支配権、主権…」とやたらたくさんの意味が書いてあるが、どれも難しい漢語,"['である', '。', '辞書', 'に', 'は', '「', '権利', '、', '資格', '、', '能力', '、', '力', '、', '権力', '、', '権威', '、', '権能', '、', '全権', '、', '支配', '権', '、', '主権', '…', '」', 'と', 'やたら', 'たくさんの', '意味', 'が', '書いて', 'ある', 'が', '、', 'どれ', 'も', '難しい', '漢語']",['全権'],NO,全権,NO,NO
19,全権,、幣原喜重郎駐米大使（太平洋・極東問題担当）と徳川家達公爵（徳川宗家の相続者、貴族院議長。全般的問題担当）である。徳川の全権は名誉職的なもので、実質は、加藤（友）と幣原が各自の分担の,"['、', '幣原', '喜', '重', '郎駐', '米', '大使', '（', '太平洋', '・', '極東', '問題', '担当', '）', 'と', '徳川', '家', '達', '公爵', '（', '徳川', '宗家', 'の', '相続', '者', '、', '貴族院', '議長', '。', '全般', '的', '問題', '担当', '）', 'である', '。', '徳川', 'の', '全権', 'は', '名誉', '職', '的な', 'もの', 'で', '、', '実質', 'は', '、', '加藤', '（', '友', '）', 'と', '幣原', 'が', '各自', 'の', '分担', 'の']",['全権'],NO,全権,NO,NO
20,全権,、泣き言を言うような口調をかすかにうかがわせながら言った。「モスクワの全権を握るルシコフ市長（人名索引参照）が、首都モスクワのもうかるカジノ・ビジネスを独り占めしようとしており、そこに,"['、', '泣き言', 'を', '言う', 'ような', '口調', 'を', 'かすかに', 'うかがわ', 'せ', 'ながら', '言った', '。', '「', 'モスクワ', 'の', '全権', 'を', '握る', 'ルシコフ', '市長', '（', '人名', '索引', '参照', '）', 'が', '、', '首都', 'モスクワ', 'の', 'もうかる', 'カジノ', '・', 'ビジネス', 'を', '独り占め', 'しよう', 'と', 'して', 'おり', '、', 'そこ', 'に']",['全権'],NO,全権,NO,NO
21,全権,かれは若いころから藩の重臣たちにも信頼され、幕末の元治元年、藩の全権を帯びて京都における藩外交を一手に切りまわしたのが、わずかに数えて十九歳の,"['かれ', 'は', '若い', 'ころ', 'から', '藩', 'の', '重臣', 'たち', 'に', 'も', '信頼', 'さ', 'れ', '、', '幕末', 'の', '元治', '元年', '、', '藩', 'の', '全権', 'を', '帯びて', '京都', 'に', 'おける', '藩', '外交', 'を', '一', '手', 'に', '切りまわした', 'の', 'が', '、', 'わずかに', '数えて', '十九', '歳', 'の']",['全権'],NO,全権,NO,NO
22,全権,は、危ういと見て奇兵隊を脱出して九州へ奔った。山県が、奇兵隊の全権を握った。そして、山県も、今や、晋作に呼応して、藩の俗論党と,"['は', '、', '危うい', 'と', '見て', '奇', '兵隊', 'を', '脱出', 'して', '九州', 'へ', '奔', 'った', '。', '山県', 'が', '、', '奇', '兵隊', 'の', '全権', 'を', '握った', '。', 'そして', '、', '山県', 'も', '、', '今や', '、', '晋', '作', 'に', '呼応', 'して', '、', '藩', 'の', '俗', '論', '党', 'と']",['全権'],NO,全権,NO,NO
23,全権,に語っていたかと思えば、二日後の「フェルキッシャー・ベオバハター」には、リーフェンシュタールが全権を掌握するなかで、撮影は予定通りに進行しているという記述が見られるといったよう,"['に', '語って', 'いた', 'か', 'と', '思えば', '、', '二', '日', '後', 'の', '「', 'フェルキッシャー', '・', 'ベオバハター', '」', 'に', 'は', '、', 'リーフェンシュタール', 'が', '全権', 'を', '掌握', 'する', 'なか', 'で', '、', '撮影', 'は', '予定', '通り', 'に', '進行', 'して', 'いる', 'と', 'いう', '記述', 'が', '見', 'られる', 'と', 'いった', 'よう']",['全権'],NO,全権,NO,NO
24,全権,攻略するには、どうしても水軍の力をかりなければならない。しかも、曹操は、朝廷の全権をにぎる丞相の位についた。ところが荊州の襄陽城内では、病気でおとろえ,"['攻略', 'する', 'に', 'は', '、', 'どうしても', '水', '軍', 'の', '力', 'を', 'かり', 'なければ', 'なら', 'ない', '。', 'しかも', '、', '曹操', 'は', '、', '朝廷', 'の', '全権', 'を', 'にぎる', '丞相', 'の', '位', 'に', 'ついた', '。', 'ところが', '荊州', 'の', '襄陽', '城', '内', 'で', 'は', '、', '病気', 'で', 'おとろえ']",['全権'],NO,全権,NO,NO
25,全権,をもって対応したとしても、マスコミや世間はすぐに揚げ足をとる。とりたがる。だから、全権を俺に委ねて欲しい。ライヴの最終日の次の日とその次の日を,"['を', 'もって', '対応', 'した', 'と', 'して', 'も', '、', 'マスコミ', 'や', '世間', 'は', 'すぐ', 'に', '揚げ足', 'を', 'とる', '。', 'とり', 'た', 'がる', '。', 'だから', '、', '全権', 'を', '俺', 'に', '委ねて', '欲しい', '。', 'ライヴ', 'の', '最', '終日', 'の', '次の', '日', 'と', 'その', '次の', '日', 'を']",['全権'],NO,全権,NO,NO
26,全権,主体との共同管轄の事項であるが、ロシア連邦の権能ではない事項について、国家権力の全権を有する。第七十四条１ロシア連邦の領土に、関税境界、関税、公課ならびに商品、サービス,"['主体', 'と', 'の', '共同', '管轄', 'の', '事項', 'である', 'が', '、', 'ロシア', '連邦', 'の', '権能', 'で', 'は', 'ない', '事項', 'に', 'ついて', '、', '国家', '権力', 'の', '全権', 'を', '有する', '。', '第', '七十四', '条', '１', 'ロシア', '連邦', 'の', '領土', 'に', '、', '関税', '境界', '、', '関税', '、', '公', '課', 'ならびに', '商品', '、', 'サービス']",['全権'],NO,全権,NO,NO
27,全権,わかった。「和解なんて誤魔化しは通らねえぞ。おまえ、さっさとよこしやがれ」「すでに全権は委譲したはずだ。摂政を名乗るのは…」「はぐらかすな。官職はもらっ,"['わかった', '。', '「', '和解', 'なんて', '誤魔化し', 'は', '通', 'ら', 'ねえ', 'ぞ', '。', 'おまえ', '、', 'さっさと', 'よこし', 'やがれ', '」', '「', 'すでに', '全権', 'は', '委譲', 'した', 'はずだ', '。', '摂政', 'を', '名乗る', 'の', 'は', '…', '」', '「', 'はぐらかす', 'な', '。', '官職', 'は', 'もらっ']",['全権'],NO,全権,NO,NO
28,全権,を讃えられ、兄の義久から島津家の家督を委譲された。しかし義弘に全権は渡されず、兄弟で並列して領国を統治した。この奇抜な《両殿体制》,"['を', '讃え', 'られ', '、', '兄', 'の', '義久', 'から', '島津', '家', 'の', '家督', 'を', '委譲', 'さ', 'れた', '。', 'しかし', '義弘', 'に', '全権', 'は', '渡さ', 'れ', 'ず', '、', '兄弟', 'で', '並列', 'して', '領', '国', 'を', '統治', 'した', '。', 'この', '奇抜な', '《', '両', '殿', '体制', '》']",['全権'],NO,全権,NO,NO
29,全権,に従わなかった場合には処罰する、首相は有事法制の発動、指定機関の統制・動員計画などの全権を掌握することなどが盛り込まれている。これらはアメリカの利害がからんだ戦争、日本,"['に', '従わ', 'なかった', '場合', 'に', 'は', '処罰', 'する', '、', '首相', 'は', '有事', '法制', 'の', '発動', '、', '指定', '機関', 'の', '統制', '・', '動員', '計画', 'など', 'の', '全権', 'を', '掌握', 'する', 'こと', 'など', 'が', '盛り込ま', 'れて', 'いる', '。', 'これ', 'ら', 'は', 'アメリカ', 'の', '利害', 'が', 'からんだ', '戦争', '、', '日本']",['全権'],NO,全権,NO,NO
30,全権,、密接な協力を保つべき隣国カンボジアとの関係が急速に悪化していった。カンボジア側で全権を握ったポル・ポト派が国境地域でベトナム側に小規模な攻撃を繰り返したこともあって、ベトナム,"['、', '密接な', '協力', 'を', '保つ', 'べき', '隣国', 'カンボジア', 'と', 'の', '関係', 'が', '急速に', '悪化', 'して', 'いった', '。', 'カンボジア', '側', 'で', '全権', 'を', '握った', 'ポル', '・', 'ポト', '派', 'が', '国境', '地域', 'で', 'ベトナム', '側', 'に', '小', '規模', 'な', '攻撃', 'を', '繰り返した', 'こと', 'も', 'あって', '、', 'ベトナム']",['全権'],NO,全権,NO,NO
31,全権,のではないかと、一縷の望みを持っていたけれど、カスティーリャのことは、イサベルに全権があったわけですから、フェルナンドはどうすることもできなかった、ということです,"['ので', 'は', 'ない', 'か', 'と', '、', '一', '縷', 'の', '望み', 'を', '持って', 'いた', 'けれど', '、', 'カスティーリャ', 'の', 'こと', 'は', '、', 'イサベル', 'に', '全権', 'が', 'あった', 'わけです', 'から', '、', 'フェルナンド', 'は', 'どう', 'する', 'こと', 'も', 'でき', 'なかった', '、', 'と', 'いう', 'こと', 'です']",['全権'],NO,全権,NO,NO
32,全権,独立政府は日本との間に同盟を結んだが、それは軍事行動に関しては日本軍が全権を行使するだけでなく、戦争遂行のためフィリピンの資源を自由に開発、使用することをも定め,"['独立', '政府', 'は', '日本', 'と', 'の', '間', 'に', '同盟', 'を', '結んだ', 'が', '、', 'それ', 'は', '軍事', '行動', 'に', '関して', 'は', '日本', '軍', 'が', '全権', 'を', '行使', 'する', 'だけ', 'で', 'なく', '、', '戦争', '遂行', 'の', 'ため', 'フィリピン', 'の', '資源', 'を', '自由に', '開発', '、', '使用', 'する', 'こと', 'を', 'も', '定め']",['全権'],NO,全権,NO,NO
33,全権,、三代将軍の代になった。義満として元服したとはいえ、いまだ十三歳である。幕府の全権は、管領細川頼之にあった。その細川頼之が抱えた最大の難問が、九州探題の選任,"['、', '三', '代', '将軍', 'の', '代', 'に', 'なった', '。', '義', '満', 'と', 'して', '元服', 'した', 'と', 'は', 'いえ', '、', 'いまだ', '十三', '歳', 'である', '。', '幕府', 'の', '全権', 'は', '、', '管', '領', '細川', '頼', '之', 'に', 'あった', '。', 'その', '細川', '頼', '之', 'が', '抱えた', '最大の', '難問', 'が', '、', '九州', '探題', 'の', '選任']",['全権'],NO,全権,NO,NO
34,全権,こそつまずいたものの、前期まで玉塚氏はそれなりの実績を残していますし、柳井氏が全権を掌握する形での中長期的な拡大路線は疑問点も残ります」必ずしも、市場は前向き,"['こそ', 'つまずいた', 'もの', 'の', '、', '前期', 'まで', '玉', '塚', '氏', 'は', 'それなり', 'の', '実績', 'を', '残して', 'い', 'ます', 'し', '、', '柳井', '氏', 'が', '全権', 'を', '掌握', 'する', '形', 'で', 'の', '中', '長期', '的な', '拡大', '路線', 'は', '疑問', '点', 'も', '残り', 'ます', '」', '必ずしも', '、', '市場', 'は', '前向き']",['全権'],NO,全権,NO,NO
35,全権,。これが不評を買い、政府は防衛手段として、ポール・ド・バラス子爵（千七百五十五―千八百二十九）に「全権」（制限のない権限）を与えて秩序の維持をはかった。元王党派将校である,"['。', 'これ', 'が', '不評', 'を', '買い', '、', '政府', 'は', '防衛', '手段', 'と', 'して', '、', 'ポール', '・', 'ド', '・', 'バラス', '子爵', '（', '千七百五十五', '―', '千八百二十九', '）', 'に', '「', '全権', '」', '（', '制限', 'の', 'ない', '権限', '）', 'を', '与えて', '秩序', 'の', '維持', 'を', 'はかった', '。', '元', '王', '党派', '将校', 'である']",['全権'],NO,全権,NO,NO
36,全権,に厖大な外国軍隊が存在し、その行動およびその維持のための手段がすべて外国の全権に委されている政権を独立国と呼ぶことはできない。そしてラウレル政権といえども、真に,"['に', '厖大', 'な', '外国', '軍隊', 'が', '存在', 'し', '、', 'その', '行動', 'および', 'その', '維持', 'の', 'ため', 'の', '手段', 'が', 'すべて', '外国', 'の', '全権', 'に', '委', 'さ', 'れて', 'いる', '政権', 'を', '独立', '国', 'と', '呼ぶ', 'こと', 'は', 'でき', 'ない', '。', 'そして', 'ラウレル', '政権', 'と', 'いえ', 'ども', '、', '真に']",['全権'],NO,全権,NO,NO
37,全権,私の国民はさようなむごたらしいめにあういわれはありません。あなたはそうする全権はおもちでありません。ゲスラーほう、よくも大胆に！ルーデンツ私はじっと,"['私', 'の', '国民', 'は', 'さ', 'ような', 'むごたらしい', 'め', 'にあう', 'いわれ', 'は', 'あり', 'ませ', 'ん', '。', 'あなた', 'は', 'そう', 'する', '全権', 'は', 'おも', 'ち', 'で', 'あり', 'ませ', 'ん', '。', 'ゲスラー', 'ほう', '、', 'よくも', '大胆に', '！', 'ルーデンツ', '私', 'は', 'じっと']",['全権'],NO,全権,NO,NO
38,全権,たいと言ってますけど（笑）」―長谷部選手のようなタイプが攻撃の全権を握っていると、闘莉王選手などは前に上がる機会が減ってしまうのではないですか。闘莉王,"['たい', 'と', '言って', 'ます', 'けど', '（', '笑', '）', '」', '―', '長谷部', '選手', 'の', 'ような', 'タイプ', 'が', '攻撃', 'の', '全権', 'を', '握って', 'いる', 'と', '、', '闘莉王', '選手', 'など', 'は', '前', 'に', '上がる', '機会', 'が', '減って', 'しまう', 'ので', 'は', 'ない', 'です', 'か', '。', '闘莉王']",['全権'],NO,全権,NO,NO
39,全権,すべてを、教皇の差配にゆだねると宣言したのである。政治上の権力にいたるまで、教皇は全権をもってこれに君臨する。シルヴェステルばかりか、その後継者すべてが、大帝の寄進の効果を享受する,"['すべて', 'を', '、', '教皇', 'の', '差', '配', 'に', 'ゆだねる', 'と', '宣言', 'した', 'のである', '。', '政治', '上', 'の', '権力', 'に', 'いたる', 'まで', '、', '教皇', 'は', '全権', 'を', 'もって', 'これ', 'に', '君臨', 'する', '。', 'シルヴェステル', 'ばかり', 'か', '、', 'その', '後継', '者', 'すべて', 'が', '、', '大帝', 'の', '寄進', 'の', '効果', 'を', '享受', 'する']",['全権'],NO,全権,NO,NO
40,全権,の補助艦の保有量の制限をとり決める，海軍軍縮会議がひらかれた。浜口内閣は，若槻礼次郎元首相らを全権として派遣し，アメリカ・イギリス・日本の３国間で，ロンドン海軍軍縮条約に調印した。しかし，これに強い不満を,"['の', '補助', '艦', 'の', '保有', '量', 'の', '制限', 'を', 'とり決める', '，', '海軍', '軍縮', '会議', 'が', 'ひらか', 'れた', '。', '浜口', '内閣', 'は', '，', '若槻', '礼', '次郎', '元', '首相', 'ら', 'を', '全権', 'と', 'して', '派遣', 'し', '，', 'アメリカ', '・', 'イギリス', '・', '日本', 'の', '３', '国', '間', 'で', '，', 'ロンドン', '海軍', '軍縮', '条約', 'に', '調印', 'した', '。', 'しかし', '，', 'これ', 'に', '強い', '不満', 'を']",['全権'],NO,全権,NO,NO
41,全権,遠征中のナポレオン皇帝が死んだというデマが流され、それと同時にマレー将軍率いるクー・デター軍が全権を掌握したという知らせが街中を走った。反乱軍は国家警察長官、警視総監、警務大臣を次々,"['遠征', '中', 'の', 'ナポレオン', '皇帝', 'が', '死んだ', 'と', 'いう', 'デマ', 'が', '流さ', 'れ', '、', 'それ', 'と', '同時に', 'マレー', '将軍', '率いる', 'クー', '・', 'デター', '軍', 'が', '全権', 'を', '掌握', 'した', 'と', 'いう', '知らせ', 'が', '街', '中', 'を', '走った', '。', '反乱', '軍', 'は', '国家', '警察', '長官', '、', '警視', '総監', '、', '警務', '大臣', 'を', '次々']",['全権'],NO,全権,NO,NO
42,全権,から、味についても、当然うるさい。ティー・レディーは、そのお茶とクッキーなんかに関して全権を持っていて、うむを言わさないだけの貫禄をそなえた女性で、いわばオフィス,"['から', '、', '味', 'に', 'ついて', 'も', '、', '当然', 'うるさい', '。', 'ティー', '・', 'レディー', 'は', '、', 'その', 'お', '茶', 'と', 'クッキー', 'なんか', 'に', '関して', '全権', 'を', '持って', 'いて', '、', 'うむ', 'を', '言わ', 'さ', 'ない', 'だけ', 'の', '貫禄', 'を', 'そなえた', '女性', 'で', '、', 'いわば', 'オフィス']",['全権'],NO,全権,NO,NO
43,全権,た。ゴーン同様にトルシエも、サッカー界を変えられるのではないか。だがゴーンがルノーから全権を委任された社長であるのに対し、トルシエは協会に雇われたひとりの監督にすぎなかっ,"['た', '。', 'ゴーン', '同様に', 'トルシエ', 'も', '、', 'サッカー', '界', 'を', '変え', 'られる', 'ので', 'は', 'ない', 'か', '。', 'だが', 'ゴーン', 'が', 'ルノー', 'から', '全権', 'を', '委任', 'さ', 'れた', '社長', 'である', 'の', 'に', '対し', '、', 'トルシエ', 'は', '協会', 'に', '雇わ', 'れた', 'ひと', 'り', 'の', '監督', 'に', 'すぎな', 'かっ']",['全権'],NO,全権,NO,NO
44,全権,せるということはない、ということである。そこまで準備を整えた浦野は、局地戦における全権を若頭の三村に預けた。「ここからはおまえの出番だ。海老原は,"['せる', 'と', 'いう', 'こと', 'は', 'ない', '、', 'と', 'いう', 'こと', 'である', '。', 'そこ', 'まで', '準備', 'を', '整えた', '浦野', 'は', '、', '局地', '戦', 'に', 'おける', '全権', 'を', '若頭', 'の', '三', '村', 'に', '預けた', '。', '「', 'ここ', 'から', 'は', 'おまえ', 'の', '出番', 'だ', '。', '海老原', 'は']",['全権'],NO,全権,NO,NO
45,全権,。「全権委任状」とは，特定の外交事項の交渉のために特に派遣される使節に対し全権を委任することを表示する文書であり，「大使及び公使の信任状」とは特定国に派遣さ,"['。', '「', '全権', '委任', '状', '」', 'と', 'は', '，', '特定', 'の', '外交', '事項', 'の', '交渉', 'の', 'ため', 'に', '特に', '派遣', 'さ', 'れる', '使節', 'に', '対し', '全権', 'を', '委任', 'する', 'こと', 'を', '表示', 'する', '文書', 'であり', '，', '「', '大使', '及び', '公使', 'の', '信任', '状', '」', 'と', 'は', '特定', '国', 'に', '派遣', 'さ']",['全権'],NO,全権,NO,NO
46,全権,。「全権委任状」とは，特定の外交事項の交渉のために特に派遣される使節に対し全権を委任することを表示する文書であり，「大使及び公使の信任状」とは特定国に派遣さ,"['。', '「', '全権', '委任', '状', '」', 'と', 'は', '，', '特定', 'の', '外交', '事項', 'の', '交渉', 'の', 'ため', 'に', '特に', '派遣', 'さ', 'れる', '使節', 'に', '対し', '全権', 'を', '委任', 'する', 'こと', 'を', '表示', 'する', '文書', 'であり', '，', '「', '大使', '及び', '公使', 'の', '信任', '状', '」', 'と', 'は', '特定', '国', 'に', '派遣', 'さ']",['全権'],NO,全権,NO,NO
47,全権,党の中で、一応共同提案者になってしまったというので、私は後から、全権を委任してくれ、僕は何でも言うことは言うし、ここでくぎを刺しておく、,"['党', 'の', '中', 'で', '、', '一応', '共同', '提案', '者', 'に', 'なって', 'しまった', 'と', 'いう', 'ので', '、', '私', 'は', '後', 'から', '、', '全権', 'を', '委任', 'して', 'くれ', '、', '僕', 'は', '何でも', '言う', 'こと', 'は', '言う', 'し', '、', 'ここ', 'で', 'くぎ', 'を', '刺して', 'おく', '、']",['全権'],NO,全権,NO,NO
48,全権,が取られていたが、千九百五十一年に王政復古・開国がおこなわれ、千九百六十年マヘンドラ国王がクー・デタを起こし、全権を掌中に収めた。千九百七十五年、皇太子のビレンドラが国王に即位した。ビレンドラは,"['が', '取ら', 'れて', 'いた', 'が', '、', '千九百五十一', '年', 'に', '王政復古', '・', '開国', 'が', 'おこなわ', 'れ', '、', '千九百六十', '年', 'マヘンドラ', '国王', 'が', 'クー', '・', 'デタ', 'を', '起こし', '、', '全権', 'を', '掌', '中', 'に', '収めた', '。', '千九百七十五', '年', '、', '皇太子', 'の', 'ビレンドラ', 'が', '国王', 'に', '即位', 'した', '。', 'ビレンドラ', 'は']",['全権'],NO,全権,NO,NO
49,全権,は、たいてい軽子をとりしきる親分といわれるものがいて、その店における軽子の全権をにぎっており、軽子の雇い入れも解雇もこの親分が差配しました。親分は数軒,"['は', '、', 'たいてい', '軽', '子', 'を', 'とりしきる', '親分', 'と', 'いわ', 'れる', 'もの', 'が', 'いて', '、', 'その', '店', 'に', 'おける', '軽', '子', 'の', '全権', 'を', 'にぎって', 'おり', '、', '軽', '子', 'の', '雇い', '入れ', 'も', '解雇', 'も', 'この', '親分', 'が', '差', '配し', 'ました', '。', '親分', 'は', '数', '軒']",['全権'],NO,全権,NO,NO
50,全権,と言った。金次郎は五年という時間が必要であること。莫大な借財がなくなるまで全権を金次郎にあたえて欲しいこと。などの取り決めをした。その上で金次郎,"['と', '言った', '。', '金', '次郎', 'は', '五', '年', 'と', 'いう', '時間', 'が', '必要である', 'こと', '。', '莫大な', '借', '財', 'が', 'なくなる', 'まで', '全権', 'を', '金', '次郎', 'に', 'あたえて', '欲しい', 'こと', '。', 'など', 'の', '取り決め', 'を', 'した', '。', 'その', '上', 'で', '金', '次郎']",['全権'],NO,全権,NO,NO
51,全権,を殺すために仕掛けた、大がかりな狂言計画。その発案者のひとりにして、利害調整の全権を担っている外事本部長が、自ら網を張って深部に入り込んでしまった部外者を捕らえたの,"['を', '殺す', 'ため', 'に', '仕掛けた', '、', '大がかりな', '狂言', '計画', '。', 'その', '発案', '者', 'の', 'ひと', 'り', 'に', 'して', '、', '利害', '調整', 'の', '全権', 'を', '担って', 'いる', '外事', '本', '部長', 'が', '、', '自ら', '網', 'を', '張って', '深部', 'に', '入り', '込んで', 'しまった', '部外者', 'を', '捕らえた', 'の']",['全権'],NO,全権,NO,NO
52,全権,なんですわ。あれこれ小さいことを、気にしまくりますねん。こんな人に、全権を預かる監督なんてもんやらしたらいけません。かわいそうやわ。オロオロして、毎晩,"['な', 'んです', 'わ', '。', 'あれこれ', '小さい', 'こと', 'を', '、', '気', 'に', 'し', 'まくり', 'ます', 'ねん', '。', 'こんな', '人', 'に', '、', '全権', 'を', '預かる', '監督', 'なんて', 'もん', 'やら', 'したら', 'いけ', 'ませ', 'ん', '。', 'かわいそうや', 'わ', '。', 'オロオロ', 'して', '、', '毎晩']",['全権'],NO,全権,NO,NO
53,全権,た。その意味で于謙の存在は大きい。景宗は于謙を信頼し、政治の全権をゆだねた。于謙もその信にこたえ、混乱した明朝の再建に力を尽くし,"['た', '。', 'その', '意味', 'で', '于謙', 'の', '存在', 'は', '大きい', '。', '景宗', 'は', '于謙', 'を', '信頼', 'し', '、', '政治', 'の', '全権', 'を', 'ゆだねた', '。', '于謙', 'も', 'その', '信', 'に', 'こたえ', '、', '混乱', 'した', '明朝', 'の', '再建', 'に', '力', 'を', '尽くし']",['全権'],NO,全権,NO,NO
54,全権,そうすると、ちょっと中座した書記官長のドゥタスタが慌しく入って来て、只今支那の全権が書面を差上げてくれというので持って来ましたと渡そうとした。クレマンソー,"['そう', 'する', 'と', '、', 'ちょっと', '中座', 'した', '書記', '官長', 'の', 'ドゥタスタ', 'が', '慌しく', '入って', '来て', '、', '只今', '支那', 'の', '全権', 'が', '書面', 'を', '差上げて', 'くれ', 'と', 'いう', 'ので', '持って', '来', 'ました', 'と', '渡そう', 'と', 'した', '。', 'クレマンソー']",['全権'],NO,全権,NO,NO
55,全権,きた。理由を察するのは簡単だった。王太子シャルルは摂政を名乗っていた。全権を三部会に委譲した後に、前言を翻すかの挙に出たのである。パリ,"['きた', '。', '理由', 'を', '察する', 'の', 'は', '簡単だった', '。', '王', '太子', 'シャルル', 'は', '摂政', 'を', '名乗って', 'いた', '。', '全権', 'を', '三', '部会', 'に', '委譲', 'した', '後', 'に', '、', '前言', 'を', '翻す', 'か', 'の', '挙', 'に', '出た', 'のである', '。', 'パリ']",['全権'],NO,全権,NO,NO
56,全権,国力（経済力）からみてアメリカ合衆国との建艦競争に耐えられないことは明らかであり、全権の加藤友三郎大将は条約の成立に満足した。海軍軍縮条約と同時に調印された、中国,"['国力', '（', '経済', '力', '）', 'から', 'みて', 'アメリカ合衆国', 'と', 'の', '建', '艦', '競争', 'に', '耐え', 'られ', 'ない', 'こと', 'は', '明らかであり', '、', '全権', 'の', '加藤', '友', '三郎', '大将', 'は', '条約', 'の', '成立', 'に', '満足', 'した', '。', '海軍', '軍縮', '条約', 'と', '同時に', '調印', 'さ', 'れた', '、', '中国']",['全権'],NO,全権,NO,NO
57,全権,東京湾上の戦艦ミズーリ号上で、日本国政府を代表して外相・重光葵、大本営（陸海軍）を代表して参謀総長・梅津美治郎が全権として降伏文書に署名し日本の降伏が確定した。マッカーサー将軍は本国向けラジオ演説で「今日大砲は沈黙している,"['東京', '湾', '上', 'の', '戦艦', 'ミズーリ', '号', '上', 'で', '、', '日本', '国', '政府', 'を', '代表', 'して', '外', '相', '・', '重', '光', '葵', '、', '大本営', '（', '陸海軍', '）', 'を', '代表', 'して', '参謀', '総長', '・', '梅津', '美', '治郎', 'が', '全権', 'と', 'して', '降伏', '文書', 'に', '署名', 'し', '日本', 'の', '降伏', 'が', '確定', 'した', '。', 'マッカーサー', '将軍', 'は', '本国', '向け', 'ラジオ', '演説', 'で', '「', '今日', '大砲', 'は', '沈黙', 'して', 'いる']",['全権'],NO,全権,NO,NO
58,全権,明治政府が迎えた最初の清国との大戦争に勝利後、下関講和条約には伊藤博文と共に全権を務めた。二年後に死去。東京の外務省の庭のは再建像。郷里,"['明治', '政府', 'が', '迎えた', '最初の', '清', '国', 'と', 'の', '大', '戦争', 'に', '勝利', '後', '、', '下関', '講和', '条約', 'に', 'は', '伊藤', '博文', 'と', '共に', '全権', 'を', '務めた', '。', '二', '年', '後', 'に', '死去', '。', '東京', 'の', '外務', '省', 'の', '庭', 'の', 'は', '再建', '像', '。', '郷里']",['全権'],NO,全権,NO,NO
59,全権,、白いＡ４封筒を優樹の目の前に滑らせた。「今回の事件に対する全権は、捜査第六課に一任されました。一般の警察の介入は一切ありません,"['、', '白い', 'Ａ', '４', '封筒', 'を', '優', '樹', 'の', '目の前', 'に', '滑ら', 'せた', '。', '「', '今回', 'の', '事件', 'に', '対する', '全権', 'は', '、', '捜査', '第', '六', '課', 'に', '一任', 'さ', 'れ', 'ました', '。', '一般', 'の', '警察', 'の', '介入', 'は', '一切', 'あり', 'ませ', 'ん']",['全権'],NO,全権,NO,NO
60,全権,ブルネイは二十五日、千九百八十四年以来活動を停止してきた同国議会を再開した。同国は国王に全権が集中しているが、国王は議会再開により、政治改革の姿勢を内外に示そうとした,"['ブルネイ', 'は', '二十五', '日', '、', '千九百八十四', '年', '以来', '活動', 'を', '停止', 'して', 'きた', '同', '国', '議会', 'を', '再開', 'した', '。', '同', '国', 'は', '国王', 'に', '全権', 'が', '集中', 'して', 'いる', 'が', '、', '国王', 'は', '議会', '再開', 'に', 'より', '、', '政治', '改革', 'の', '姿勢', 'を', '内外', 'に', '示そう', 'と', 'した']",['全権'],NO,全権,NO,NO
61,全権,していれば問題はない。みどりはその子、または胎児の母として、大羽家の全権を掌握することができる。しかし、子もなく妊娠もしていない、ただの配偶者という立場,"['して', 'いれば', '問題', 'は', 'ない', '。', 'みどり', 'は', 'その', '子', '、', 'または', '胎児', 'の', '母', 'と', 'して', '、', '大', '羽', '家', 'の', '全権', 'を', '掌握', 'する', 'こと', 'が', 'できる', '。', 'しかし', '、', '子', 'も', 'なく', '妊娠', 'も', 'して', 'い', 'ない', '、', 'ただ', 'の', '配偶', '者', 'と', 'いう', '立場']",['全権'],NO,全権,NO,NO
62,全権,英ドイツ統治委員会（ＢＧＣＧ）の漁業保護局の協力を得て、二隻のボートはＤＮＩのロシア支局長アンソニー・コートニー司令官の全権にゆだねられた。二隻のボートはキールの基地から、ボーンホルムというデンマークの島に,"['英', 'ドイツ', '統治', '委員', '会', '（', 'ＢＧＣＧ', '）', 'の', '漁業', '保護', '局', 'の', '協力', 'を', '得て', '、', '二', '隻', 'の', 'ボート', 'は', 'ＤＮＩ', 'の', 'ロシア', '支局', '長', 'アンソニー', '・', 'コートニー', '司令', '官', 'の', '全権', 'に', 'ゆだね', 'られた', '。', '二', '隻', 'の', 'ボート', 'は', 'キール', 'の', '基地', 'から', '、', 'ボーンホルム', 'と', 'いう', 'デンマーク', 'の', '島', 'に']",['全権'],NO,全権,NO,NO
63,全権,の子、朝獦を顕彰したものである。朝獦は父のバック・アップのもとに東北政策の全権を担当し、強力に対蝦夷政策を遂行した。桃生城・雄勝城などの造管、多賀城の大規模な再建,"['の', '子', '、', '朝', '獦', 'を', '顕彰', 'した', 'もの', 'である', '。', '朝', '獦', 'は', '父', 'の', 'バック', '・', 'アップ', 'の', 'もと', 'に', '東北', '政策', 'の', '全権', 'を', '担当', 'し', '、', '強力に', '対', '蝦夷', '政策', 'を', '遂行', 'した', '。', '桃', '生', '城', '・', '雄勝城', 'など', 'の', '造', '管', '、', '多賀', '城', 'の', '大', '規模', 'な', '再建']",['全権'],NO,全権,NO,NO
64,全権,れた時、パレスチナの司教テオクティストスは彼がカイサレイアに居住することを快諾し、教えるための全権を彼に与えた」と、フォティオスはパンフィロスの言葉を再録して述べている。,"['れた', '時', '、', 'パレスチナ', 'の', '司教', 'テオクティストス', 'は', '彼', 'が', 'カイサレイア', 'に', '居住', 'する', 'こと', 'を', '快諾', 'し', '、', '教える', 'ため', 'の', '全権', 'を', '彼', 'に', '与えた', '」', 'と', '、', 'フォティオス', 'は', 'パンフィロス', 'の', '言葉', 'を', '再録', 'して', '述べて', 'いる', '。']",['全権'],NO,全権,NO,NO
65,全権,問題への対応を、原首相は摂政設置問題などの宮中問題と並行して行った。ワシントン会議の全権には、次の三人が任命された。加藤友三郎海相（穏健派の海軍大将、軍備制限問題担当）、,"['問題', 'へ', 'の', '対応', 'を', '、', '原', '首相', 'は', '摂政', '設置', '問題', 'など', 'の', '宮中', '問題', 'と', '並行', 'して', '行った', '。', 'ワシントン', '会議', 'の', '全権', 'に', 'は', '、', '次の', '三', '人', 'が', '任命', 'さ', 'れた', '。', '加藤', '友', '三郎', '海', '相', '（', '穏健', '派', 'の', '海軍', '大将', '、', '軍備', '制限', '問題', '担当', '）', '、']",['全権'],NO,全権,NO,NO
66,全権,構成されているのは本編中（Ｐ三十六）でも触れたとおり。チームはゲームの全権を握るヘッドコーチの指揮のもとで、全員が一丸となって勝利に向かって突き進む,"['構成', 'さ', 'れて', 'いる', 'の', 'は', '本', '編', '中', '（', 'Ｐ', '三十六', '）', 'でも', '触れた', 'とおり', '。', 'チーム', 'は', 'ゲーム', 'の', '全権', 'を', '握る', 'ヘッドコーチ', 'の', '指揮', 'の', 'もと', 'で', '、', '全員', 'が', '一丸', 'と', 'なって', '勝利', 'に', '向かって', '突き進む']",['全権'],NO,全権,NO,NO
67,全権,権限を用意しなくてはならない。子ではなくて子の嫁に、たとえば遺言などによって、事実上の全権を与える工夫はないか。これが老父の心中ではなかろうか。いや、,"['権限', 'を', '用意', 'し', 'なくて', 'は', 'なら', 'ない', '。', '子', 'で', 'は', 'なくて', '子', 'の', '嫁', 'に', '、', 'たとえば', '遺言', 'など', 'に', 'よって', '、', '事実', '上', 'の', '全権', 'を', '与える', '工夫', 'は', 'ない', 'か', '。', 'これ', 'が', '老父', 'の', '心中', 'で', 'は', 'なかろう', 'か', '。', 'いや', '、']",['全権'],NO,全権,NO,NO
68,全権,と決済の時に会ったきりの間柄です。後で考えてみれば、姑から全権を委ねられて、家の引き渡しという重要な場面で見落としがあってはいけないと、彼女,"['と', '決済', 'の', '時', 'に', '会った', 'きり', 'の', '間柄', 'です', '。', '後', 'で', '考えて', 'みれば', '、', '姑', 'から', '全権', 'を', '委ね', 'られて', '、', '家', 'の', '引き渡し', 'と', 'いう', '重要な', '場面', 'で', '見落とし', 'が', 'あって', 'は', 'いけない', 'と', '、', '彼女']",['全権'],NO,全権,NO,NO
69,全権,」といったが、甲は厚生課長に過ぎず、その会社の運営の決定について全権を掌握する地位ではない。このような場合、立候補（予定）者と会社との間,"['」', 'と', 'いった', 'が', '、', '甲', 'は', '厚生', '課長', 'に', '過ぎ', 'ず', '、', 'その', '会社', 'の', '運営', 'の', '決定', 'に', 'ついて', '全権', 'を', '掌握', 'する', '地位', 'で', 'は', 'ない', '。', 'このような', '場合', '、', '立候補', '（', '予定', '）', '者', 'と', '会社', 'と', 'の', '間']",['全権'],NO,全権,NO,NO
70,全権,国務卿）がしきりに私に会いたいと言っていたので面会したところ、どうも支那の全権は訓令もあり国論も激昂しているので、山東問題を保留せん以上は調印は出来ない,"['国務', '卿', '）', 'が', 'しきりに', '私', 'に', '会い', 'たい', 'と', '言って', 'いた', 'ので', '面会', 'した', 'ところ', '、', 'どうも', '支那', 'の', '全権', 'は', '訓令', 'も', 'あり', '国論', 'も', '激昂', 'して', 'いる', 'ので', '、', '山東', '問題', 'を', '保留', 'せん', '以上', 'は', '調印', 'は', '出来', 'ない']",['全権'],NO,全権,NO,NO
71,全権,だった。「早速ですが、三部会の結論をお伝え申し上げます」要求は王国統治に関する全権の委譲だった。王太子シャルルが拒絶すると、マルセルは「やっ」とわざとらしい声を上げ,"['だった', '。', '「', '早速', 'です', 'が', '、', '三', '部会', 'の', '結論', 'を', 'お', '伝え', '申し上げ', 'ます', '」', '要求', 'は', '王国', '統治', 'に', '関する', '全権', 'の', '委譲', 'だった', '。', '王', '太子', 'シャルル', 'が', '拒絶', 'する', 'と', '、', 'マルセル', 'は', '「', 'やっ', '」', 'と', 'わざとらしい', '声', 'を', '上げ']",['全権'],NO,全権,NO,NO
72,全権,と。そこで「上（神宗）以為えらく然りと。公乃ち事を視る（全権を掌握す）」ということになった。面白いことに安石は、改革をやるので,"['と', '。', 'そこ', 'で', '「', '上', '（', '神宗', '）', '以為', 'えらく', '然り', 'と', '。', '公', '乃', 'ち', '事', 'を', '視る', '（', '全権', 'を', '掌握', 'す', '）', '」', 'と', 'いう', 'こと', 'に', 'なった', '。', '面白い', 'こと', 'に', '安', '石', 'は', '、', '改革', 'を', 'やる', 'ので']",['全権'],NO,全権,NO,NO
73,全権,のない政治的な権力の転換であるかのような印象を強くした。スターリンが全権を握った千九百三十年代以降、家族は社会主義建設の基盤とされていく。そして千九百三十六年、“家族,"['の', 'ない', '政治', '的な', '権力', 'の', '転換', 'である', 'か', 'の', 'ような', '印象', 'を', '強く', 'した', '。', 'スターリン', 'が', '全権', 'を', '握った', '千九百三十', '年', '代', '以降', '、', '家族', 'は', '社会', '主義', '建設', 'の', '基盤', 'と', 'さ', 'れて', 'いく', '。', 'そして', '千九百三十六', '年', '、', '“', '家族']",['全権'],NO,全権,NO,NO
74,全権,。左側が入口で，その反対側の右端にペリーが台に腰かけている。日本側の全権は手前の台の上にすわり，その間の土間には手をついた通訳,"['。', '左', '側', 'が', '入口', 'で', '，', 'その', '反対', '側', 'の', '右', '端', 'に', 'ペリー', 'が', '台', 'に', '腰かけて', 'いる', '。', '日本', '側', 'の', '全権', 'は', '手前', 'の', '台', 'の', '上', 'に', 'すわり', '，', 'その', '間', 'の', '土間', 'に', 'は', '手', 'を', 'ついた', '通訳']",['全権'],NO,全権,NO,NO
75,全権,のが、家族会の強い主張だ。その前提は、独裁国家北朝鮮なら、金正日は全権を掌握しているに決まっている。金正日が命令して、分からないということがある筈,"['の', 'が', '、', '家族', '会', 'の', '強い', '主張', 'だ', '。', 'その', '前提', 'は', '、', '独裁', '国家', '北朝鮮', 'なら', '、', '金正日', 'は', '全権', 'を', '掌握', 'して', 'いる', 'に', '決まって', 'いる', '。', '金正日', 'が', '命令', 'して', '、', '分から', 'ない', 'と', 'いう', 'こと', 'が', 'ある', '筈']",['全権'],NO,全権,NO,NO
