,0
0,ための講演会です。期日十二月９日（火）時間午後１時三十分〜３時三十分（開場午後１時）場所セラミックパークＭＩＮＯ講師■■■■氏（生活とリハビリ研究所代表）定員４百人（先着順
1,、気をつける点、観戦のコツなどありましたら教えてください。よろしくお願いします。開場の直前でもいいし、試合開始直前でも構いませ。チケットはすでにお持ちなんですよ
2,ちゃう？ってちょっとの期待。が、行く電車の中で混雑情報とか見てたら開場（９時）前の８時半で観覧の整理券の配布は終了したって。すげ〜！９時
3,３日間あってまして、日曜が最終でした。きっと多いだろうから、朝十時の開場に合わせて行ったのに・・・すでにすごい人出！！駐車場に入るまでに
4,十七：００３月二十二日（日）奈良・なら百年会館開場十六：三十／開演十七：００３月二十九日（日）香川・サンポートホール高松
5,／開演十八：００９月十五日（月・祝）愛知・名古屋国際会議場センチュリーホール開場十七：十五／開演十八：００９月二十七日（土）千葉・市原市市民会館
6,が心地よいです。他にも地サイダーがあったので、いつか飲んでみたいな。やっと開場になったので、会場に行きました。基調講演の、桐山三智子さん（片品生活塾・グッドマザープロジェクト主催）の話
7,（総合テレビ、衛星第２テレビ、ラジオ第１）日時【本選】十一月９日（日）開場午前十一時開演午前十一時四十五分終演予定午後１時四十分【予選会】十一月８日（
8,刊行文化会館（☎二十八五千百五）とき８月２日（土）、午後６時〜（開場は午後５時三十分）ところ観光文化会館出演市民のダンスグループ入場料大人五百円、中学生・高校生三百円
9,全席指定ホキス逗ヤ島３公演セット券八千円（第７回、第８回逗子名人会＋なぎさ寄席）バッハ・コレギウム・ジャパン講座セット割引券五千円９／８月さざなみホール／開場十七：三十開演十八：００バロックダンス講座わかりやすい中世音楽史の解説と、簡単なステップ体験。講師■■■■料金
10,こんにちは！第９回は、大阪ドームについてです☆所在地：大阪市西区開場：千九百九十七年３月１日所有者：大阪シティドーム建設費：四百九十八億円収容人数：三万六千四百七十七人芝：人工芝両翼：百ｍ中堅
11,と、簡単なステップ体験。講師■■■■料金一般千五百円定員五十人ホキス逗ヤ島十／十八土なぎさホール／開場十四：三十開演十五：００バッハ家の音楽会バロックダンスとともに古典楽器の優雅な調べとバロックダンスが
12,開演十六：００２月十一日（水・祝）宮城・仙台サンプラザホール開場十七：００／開演十七：三十２月十四日（土）岩手・盛岡市民文化ホール
13,発足した楽団の演奏会です。とき／３月８日（土）午後５時〜７時（開場は午後４時三十分）ところ／市民会館大ホール曲目／荘厳序曲「千八百十二年」、トランペット吹きの休日、久石譲作品集
14,て清瀬診療所所長の■■■■医師にお話しいただきます。お気軽にご参加を。定員八十名。２月二十日十四時（開場）〜、ＪＡ東京みらい清瀬支店２階（元町１丁目）、会費百円（資料代）、西都保健生活協同組合・■■☎四百九十三．六一二九
15,二百八十円だったかな♪僕は大盛り食べましたがｗｗｗ食後は歩いてチューリップ祭りの開場へ。。。チューリップが３万本です＼（◎ｏ◎）／！
16,の特別番組の投影・星解説・生ライブです。○日時１月十二日（土）一部＝午後２時から（開場１時三十分）、二部＝４時三十分（開場４時）○会場東急まちだスターホール○定員
17,開演十七：００１月十七日（土）新潟・新潟県民会館開場十六：三十／開演十七：００１月十八日（日）福井・福井市文化会館
18,開演十八：三十２月二十二日（日）神奈川・秦野市文化会館開場十六：三十／開演十七：００２月二十八日（土）福島・福島県文化センター
19,東京都日本青年館一般席／１枚￥五千二百五十落選開場十七：三十開演十八：三十四十五二千九／０２／十五（日）東京都日本青年館一般席
20,ていく場として全国で行われる講演会野口健講演会ｉｎ鳥取２月１日（日）開場：十二：００開演：十三：００応募開始日：十二月二十二日（月）募集締め切り：１月十八日（日
21,観光文化会館（☎二十八五千百五）とき９月二十三日（祝）、午後５時〜（開場は午後４時三十分）ところ観光文化会館入場料六千三百円（全席指定席）※入場券は、６月十四日
22,画面右手の垂れ幕の前には、三条実美他重臣が堂々とした礼装で並び立ち、大久保利通が開場の祝詞を朗読している。画面左下方には赤毛に口ひげを蓄えた外国要人らが、驚いた
23,Ａ席￥九千五百（全席指定・税込）チケット備考＊未就学児入場不可【横浜】会場パシフィコ横浜国立大ホール日時二千八／十一／３（開場：十五：００／開演：十六：００）主催ＴＢＳ／朝日新聞社／Ｊ−ＷＡＶＥ／イープラス後援ブラジル大使館
24,競馬場は、一日中いてもいいのですか？はい、開場から閉場まではＯＫですよ。私は朝いちで行って、特別観覧席をキープします
25,来場はご遠慮ください。問農政課☎９２４‐２２０１１／十三日成人のつどい時間…午後１時三十分〜［開場：午後０時四十五分］会場…ビッグパレットふくしま内容…式典セレモニー、アトラクションなど問生涯学習課☎９２４‐２４４１１／十四祝まで
26,ます。今回は、トム・プロジェクト企画作品「鬼灯町鬼灯通り三丁目」です。日時９月二十八日（日）開場午後３時開演午後３時三十分場所市民会館大ホール入場料全席指定三千円（車椅子用座席４席あり）
27,二十一年２月十七日（火）◇会場湯沢カルチャーセンター（湯沢町）◇主な内容（時間）開場（午前十一時）入場締切（午後０時五十分）歓迎演技（１時）皇族御到着役員・選手団入場（１時三十分）
28,今年最後のＧＲｉＰライブ行ってきました！！！開場から行かなかったんだけど、８時ごろ行ったら、いきなり受付のところに薫さんがにょっ
29,新組・新劇場誕生の舞台裏近年の宝塚の話題はなんといっても新しい東京宝塚劇場の開場だ。旧東京宝塚劇場は昭和九年（千九百三十四）に小林先生の宿願だった東京での宝塚の
30,開演十七：三十２月十四日（土）岩手・盛岡市民文化ホール開場十七：００／開演十七：三十２月十五日（日）埼玉・川口総合文化センターリリア
31,ダンス〜タンザニアチビテ舞踊団日本公演二千八〜＊とき…十一月二十二日（土）、午後２時〜（開場＝午後１時半）＊ところ…文化センター小ホール（全席自由）＊入場料…◎一般＝千円◎高校生以下
32,開演十七：三十１月二十五日（日）大阪・大阪厚生年金会館大ホール開場十五：十五／開演十六：００１月三十一日（土）愛知・名古屋国際会議場センチュリーホール
33,のリターンに入力して音を出すほうがやりやすい場合が多いです。モニター環境がしっかりしてる開場なら、ライン出しの方がいいですけどね。
34,。平成二十一年松江市成人式〜だんだん〜青少年支援課☎２４‐７６０２とき平成二十一年１月十一日（日）開場十：００お楽しみ上映会開催式典十一：００手話通訳有りステージ企画十二：００〜十三：三十手話通訳有り※式典前
35,なった伝説のスーパーバンドの大迫力のステージをぜひお楽しみください。日時八月二十四日（日）開場午後一時三十分開演午後二時会場市民会館入場料前売三千円当日三千五百円前売券販売場所
36,まで多くの参加をお待ちしています。月日▼平成二十一年１月４日（日）時間▼開場９時〜開会９時五十分〜会場▼焱の博記念堂（コンベンションホール）詳しくは▼町生涯学習課（
37,福井裕樹（柏）、八木沼史朗（世田谷東）、安田幸治（兵庫）ｉｎｆｏｒｍａｔｉｏｎ６月９日（土）開場十：００第３回女子全世界空手道選手権第１回壮年国際空手道選手権Ｂ席二千円（前売り同じ／全席自由）６月十日（日）開場十：００二千一全世界ウェイト制空手道選手権
38,林望（作家・書誌学者）料金千五百円全席自由ホキス逗ヤ島９／十五月・祝なぎさホール／開場十三：００開演十四：００能三昧能狂言公演今年の能狂言は、「こども」がテーマ。子方の活躍
39,」浜北区区振興課（なゆた・浜北）☎五百八十六．六二〇一日時３月２日（日）〈開場〉午後１時三十分〈開演〉午後２時場所浜北文化センター大ホール講師■■■■さん定員千二百人
40,頼りにした男！！藤堂高虎（唐冠大脇立兜具足）手前のは、城の開場を先駆け東軍の指揮をあげた男！！山内一豊（御幣後立兜具足）最愛の妻を
41,開演十七：三十２月十五日（日）埼玉・川口総合文化センターリリア開場十六：三十／開演十七：００２月二十一日（土）静岡・静岡市民文化会館
42,昼の部、大幅に押したようで？入場出来たのは４時二十分頃（汗）開場が遅れた分、開演してから席に着く人も多く落ち着かなかったけどやがて満席
43,〒８５２‐８０３５油木町７‐２☎８４２‐０５０５チャレンジサイエンス科学の不思議にチャレンジ！参加無料。直接開場へお越しください。対象＝幼児〜中学生※小学２年生以下は保護者同伴期日・内容＝下表のとおり
44,てきます。バスで往復なので、それだけが心配。そして、向こうについてから開場まで、どうやって過ごそうかしら、、、まあ、そんな心配事よりも、楽しみな事
45,十九：００十月５日（日）千葉・松戸・森のホール二十一開場十七：００／開演十七：三十十月十一日（土）神奈川・パシフィコ横浜国立大ホール
46,の応援に駆けつけます。【日時】９月二十七日（土）午前十時〜十一時三十分（開場９時三十分）【内容】講演会（■■■■・としまＮＰＯ推進協議会会長）、■■さんと■■区長とのトークセッション、アフター
47,などに勤務。千九百九十九年沖縄へ移住。◆日時８月二十九日（金）午後７時開演（開場三十分前）◆会場名護市民会館大ホール◆入場料五百円（当日千円）※座席数に限りが
48,）詳細決定！！※このライブを最後にギター・ボーカルのブンペイが脱退します。開場十九：三十開演二十：００場所那覇市曙ＯｋｉｎａｗａＲｏｙｅｄ料金前売り五百円当日
49,２３‐５４４４）平成二十年度（第四十四回）米子人生大学▶会場米子市文化ホール▶時間午後２時〜４時（開場午後１時三十分）▶受講料年間千円（初めて受講される日に、会場受付でお支払いください。
50,だよ！！Σ（＝д＝ノ）ノ十月二十五日（土）滋賀・滋賀県立芸術劇場びわ湖ホール開場十六：四十五／開演十七：三十そう、↑上記転生降臨の章、Ｔ．Ｍ．Ｒｅｖｏｌｕｔｉｏｎのライブ
51,良かった昨日、バイクでの豊田スタジアム参戦を決行しました。キックオフは十六：００で、スタジアムの開場は十三：００です。前日場所取りのシート貼りをしておいたのですが、開場三十分前には列整理が
52,東京都日本青年館一般席／１枚￥五千二百五十落選開場十六：三十開演十七：三十こっちはマヂ泣き（＿）一公演くらいは掠ると思っ
53,からＹ姐もいらっしゃるので、その時間にあわせ会場へ。到着は十時。２日目は、開場十三時、開演十四時ということもあり、ガッツリ朝食を。→朝食入れ代わりで迷友さんたちが常ににぎやか
54,日）神奈川県横浜アリーナ一般席／１枚￥六千落選開場十七：００開演十八：００こっちはさほどショックでは無い………しゃぁ無いかぁ
55,です。リラックスしたアンサンブルから、超絶技巧のセッションまで心置きなく。８月十一日（月）開場十八：三十開演十九：００料金一般千円全席自由ホイベント情報十一／二十木なぎさホール／開場十八：００
56,謡曲、箏曲、詩吟、民謡、日舞の上演。日時７月６日（日）正午開場、午後０時三十分開演。場所区民センター２階区民ホール（前田１条十一丁目）。入場料三百円（入場券発行中
57,を歌と古楽器で演奏します。日時＝十二月二十五日（木）午後７時開演※開場は午後６時三十分〜場所＝長崎歴史文化博物館３階企画展示室ロビー出演＝■■■■（リュート）、
58,バロックダンス講座＋バッハ家の音楽会』の講座セット割引券・学生券は文化プラザホールでのみ取り扱い。９／十九金さざなみホール／開場十九：００開演十九：二十文化プラザホールのライブハウス企画！逗子ＮＥＸＴＷＡＶＥ海のかおりとあおい空出演
59,、公民館へ浦和南公民館（浦和区神明）ＴＥＬ八百二十二．一〇八八講座名南サロンコンサート日時十二月二十日（土）開場十三時開演十三時三十分終演十五時三十分内容弦楽四重奏のコンサート（クリスマスメドレーなど）
60,お盆に初めて東京ドームで野球を観戦します。小学校高学年の息子と二人で行くのですが、開場のどのくらい前に行ったらいいのでしょう。（一類側内野指定席です）その他、気をつける点
61,ここから未来のスターが生まれるかも？料金無料全席自由９／７日なぎさホール／開場十三：三十開演十四：００逗子名人会第７回「紙工劇落語」出演桂小南治林家二楽春風亭柳之助料金
62,開演十六：００十一月３日（月・祝）福岡・福岡サンパレス開場十六：三十／開演十七：００十一月十五日（土）東京・府中の森劇場・どりーむホール
63,につくのはもったいなかったので，航空自衛隊浜松広報館（エアパーク）に寄りました．観光スポットのため開場は混んでいました．以前自衛隊等で活躍していた飛行機が展示されており大変楽しめ
64,開演十六：００２月７日（土）兵庫・神戸国際会館こくさいホール開場十六：四十五／開演十七：三十２月８日（日）兵庫・神戸国際会館こくさいホール
65,全席自由ホ第２部小学生から大人まで五百円全席自由ホ９／８月さざなみホール／開場十七：三十開演十八：００バッハ・コレギウム・ジャパンバロックダンス講座講師■■■■（東京藝術大学講師）料金一般千五百円定員五十人ホキス逗ヤ島
66,ます。問合せ：環境経済課環境衛生担当内線２４２●イベント■男声合唱団《コール・グランツ》二十周年記念コンサート日時：５月十八日（日）【開場】午後１時三十分【開演】午後２時場所：総合文化会館イリス（ホール）曲目：組曲「吹雪
67,、徒歩でご来場ください。右京区民文化フェスティバル二千八入場無料十二／十四（日）午前十時〜午後４時十五分（開場午前９時三十分）公募によって選ばれた出演者の皆さんが、日ごろの文化・芸能活動の
68,ことから始めませんか。とき５月三十一日（土）十時〜十一時三十分※開場は９時三十分です。ところ市保健センター内容・タバコが与える体への影響・禁煙によるメリット・
69,ピアノ、トランペット、スチールドラムなどの演奏をお楽しみください。●日時十二月二十七日（土）◇開場…午後３時三十分◇開演…午後４時●場所文翔館議場ホール（山形市旅篭町三丁目）●入場料
70,を作ったり映したりして、光と影で遊んでみよう！８月７日（木）開場十：００開演十：三十先着百人企画美術展―個食のすすめ〜食の風景、今―
71,、ＺＥＲＯの会（逗子栄養リサーチオフィス）なぎさホールのイベント人形劇大どろぼうホッツェンプロッツ８月９日（土）開場十四：００開演十四：三十料金一般前売二千五百円一般当日三千円こども（小学生以下）千円全席指定ホキス逗ヤ島コンサート
72,）９／７日さざなみホール／第１部開場十：十開演十：三十〜（約三十分）第２部開場十一：十五開演十一：三十〜（約四十五分）かみしばいアンサンブルよこはま「かみしばいアンサンブルよこはま」は、手づくり紙芝居のもつ温かさを、
73,）。〈２回上映〉◎午前十時半〜（開場：午前十時）◎午後２時〜（開場：午後１時半）◇ところ…文化センター大ホール◇定員…各回千三百人◇参加費…次のとおり◎
74,へ。栄地区センターから■夏の子ども映画会日時７月二十六日（土）午後１時三十分〜３時（開場午後１時）。会場１階「体育室」。対象幼児（保護者同伴）〜小学生（低学年）。
75,十九：００十月十二日（日）神奈川・パシフィコ横浜国立大ホール開場十五：００／開演十六：００十月十六日（木）埼玉・サンシティ越谷市民ホール
76,不要【問合せ】函南町環境衛生課☎０５５（９７９）８１１２伊豆中央高等学校吹奏楽部冬のコンサート【日時】十二月二十一日（日）開場／十七時三十分開演／十八時【会場】アクシスかつらぎ【曲目】アルセナール・センチュリアほか【指揮者】■■■
77,フリーマーケットやショートテニスも楽しめます！♪９月十五日（月・祝）〈フォルテワジマ４階イベントホール〉（十六：００）開場（十六：三十）第一部ＷＡＪＡ（和歌山ジャズプレイヤーズ協会）メンバーによるライブ、■■■■ライブ（十八：三十）第二部
78,東京都日本青年館一般席／１枚￥五千二百五十落選開場十三：００開演十四：００四十六二千九／０２／十五（日）東京都日本青年館一般席
79,開演十七：００３月十四日（土）鹿児島・鹿児島市民文化ホール第二開場十六：三十／開演十七：００３月二十日（金・祝）広島・ＡＬＳＯＫホール（広島県立文化芸術ホール）
80,民話の読み語りなどを行います。●日時６月十四日（土）午後２時〜４時開場午後１時三十分●場所市民会館中ホール●参加費無料●主催市国際交流協会交流委員会●問い合わせ▶同協会事務局（
81,日）ミカン類やカキを毎年実らせるコツ【問い合わせ】市公園協会☎４５‐２７５０鎌倉海浜公園水泳プールを開場●７／１（火）〜９／十五（月）…９：００〜十七：００（入場は十六：００まで）
82,狂言の名題役割を読み上げて、その後に屠蘇を祝うことになっていました。春芝居の開場は正月十五日からと決まっているのです。魚河岸も元日は休みました。魚河岸の
83,東京都日本青年館一般席／１枚￥五千二百五十落選開場十七：三十開演十八：三十四十四二千九／０２／十四（土）東京都日本青年館一般席
84,（財）地域創造料金一般前売三千五百円一般当日四千円小・中学生千五百円ホキス逗ヤ島９／十四日なぎさホール／開場十三：００開演十三：三十逗子こども能発表会二千八逗子のこどもたちが、はじめの一歩から能に挑戦！十回
85,エネルギー百九十ｋｃａｌ塩分相当量２．２ｇ人権フェスタＩＮくりはしひとつひとつが大切な命３月１日（火）開場／午後１時開演／午後１時三十分会場／栗橋町総合文化会館イリスホール内容／アトラクション（きらく会）小・中学生による
86,コトはございませんでしたが（笑）。＠青山劇場に着いたのは、開場十七時ちょい過ぎ。あのアーケードみたいなのを見て「遂に来たんだなぁ、この
87,から約二十分乗用カートセルフ平日１万円、土曜１万五千円、日祝１万四千円「開場十周年記念謝恩料金」９月二十日（金）に開場十周年を迎える同ＣＣは、十月三十一日（木）まで「開場十周年記念謝恩料金」に設定している。
88,た成果をお聴きください。▼期日＝６月二十二日（日）▼時間＝午後２時〜（開場午後１時三十分）▼会場＝常総市民会館（常総市水海道諏訪町三千二百二十二‐３）▼入場料＝
89,）開場十八：三十開演十九：００料金一般千円全席自由ホイベント情報十一／二十木なぎさホール／開場十八：００開演十八：三十なぎさブラスゾリステンコンサート第４回今年もなぎさブラスゾリステンが、逗子の音色を奏でます
90,２４９‐０００６逗子市逗子４‐２‐十☎０４６‐８７０‐６６２２ＦＡＸ０４６‐８７０‐６６１２ｈｔｔｐ：／／ｗｗｗ．ｃｉｔｙ．ｚｕｓｈｉ．ｋａｎａｇａｗａ．ｊｐ／ｓｙｏｋａｎ／ｐｌａｚａ／ｉｎｄｅｘ．ｈｔｍｌ９／３水さざなみホール／開場十三：三十開演十四：００能三昧秋季能楽講座能を読み解く―鞍馬天狗を中心に―講師林
91,☎■■■■■■■■西郷新春寄席●日時１月十八日（日）午前十時〜午後３時三十分※開場は午前９時十五分。●場所三木屋旅館（高松温泉）●内容◇午前の部…
92,開演十八：００９月二十七日（土）千葉・市原市市民会館開場十七：００／開演十七：三十十月３日（金）東京・国際フォーラム・ホールＡ
93,お届けします。春の１日をお楽しみください。とき６月１日（日）十四時〜※開場は十三時十五分です。ところ響のホール入場料〈全席自由〉前売・当日五百円
94,お申し込みください。▶とき平成二十一年１月二十七日（火）開演／午後６時〜９時（開場／午後５時）▶ところ米子市公会堂▶出演梅沢富美男、前川清、梅沢劇団
95,日）神奈川県横浜アリーナ一般席／１枚￥六千当選開場十二：三十開演十三：三十０３二千九／０２／０１（日）神奈川県横浜アリーナ一般席
96,十六：００＜二千九年＞１月４日（日）栃木・宇都宮市文化会館開場十六：三十／開演十七：００１月十日（土）岡山・岡山市民会館
97,、小学生場いずれも図書館１階おはなしコーナー当日会場へ問図書館図書館名画座映画会時８月二十六日（火）開場十三：三十開演十四：００場文化プラザさざなみホール内容「亀も空を飛ぶ」先着百人無料問図書館市
98,先着二百名様にサイン入り記念品を進呈します。月日▼十月十日（金）開演時間▼十八時三十分※開場は三十分前料金▼無料場所▼焱の博記念堂（黒川）詳しくは▼有田カントリークラブ・■■さん☎四十二．三六一〇労働保険適用促進月間
99,【東京】会場東京国際フォーラムホールＡ日時二千八／十一／１−十一／２（開場：十五：００／開演：十六：００）チケット価格Ｓ席￥一万二千Ａ席￥九千五百（全席指定・税込）チケット備考
100,ウィンドアンサンブル守谷第７回定期演奏会日時二千八年７月二十日（日曜日）開場十三：００開演十四：００場所守谷市中央公民館ホール地図→ｈｔｔｐ：／／ｗｗｗ．ｍａｃｈｉ−ｉｎｆｏ．ｊｐ／ｍａｃｈｉｋａｄｏ／ｍｏｒｉｙａ＿ｃｉｔｙ／ｉｎｄｅｘ．ｊｓｐ入場料無料曲目ホルスト「
101,の部開場／十二時三十分開演／十三時終演／十五時三十分予定○夜の部開場／十七時三十分開演／十八時終演／二十時三十分予定【会場】天城温泉会館劇場ホール【料金】二千円（
102,に並ぶ＜三大ヴァイオリン協奏曲＞。整理券をもらったが＜二百二十二＞――。十時三十分の開場を前に、奏楽堂は凄い行列。数年前までは行列と言っても精々十名前後。
103,観光文化会館（☎二十八五千百五）とき十月十九日（日）、午後２時〜（開場は午後１時三十分）ところ観光文化会館出演一般市民入場料Ｓ席四千円、Ａ席三千円、学生券
104,東京ビックサイト到着！開場一時間前なのに列が長いな
105,開演十七：００３月８日（日）北海道・札幌市民ホール開場十六：三十／開演十七：００３月十四日（土）鹿児島・鹿児島市民文化ホール第二
106,！中国最高峰演奏家二胡・笛子リサイタル■■■■◇日時７月６日（日）開演午後６時三十分（開場三十分前）◇場所名護市民会館大ホール◇入場料大人・二千円小中高生・千円（当日各五百円増
107,申込多数の場合は抽選）問合先市役所広報広聴課☎２１‐１１２５ソニー・太陽三十周年記念ソニー吹奏楽団ファミリーコンサート日時１月二十二日（火）開場十九時開演十九時三十分場所ビーコンプラザフイルハーモニアホール曲目ウインド・バンド・ストーリーズ「となりのトトロ」、
108,開演十八：００十一月二十三日（日）埼玉・大宮ソニックシティ開場十八：三十／開演十九：００十一月二十四日（月・祝）埼玉・大宮ソニックシティ
109,（☎７６８‐２９８８）十日町市民吹奏楽団第三十四回定期演奏会●日時＝十一月三十日（日）午後２時〜（開場１時三十分）●会場＝市民会館●入場料＝一般七百円（当日八百円）、中・高生五百円（
110,開演十七：００２月二十一日（土）静岡・静岡市民文化会館開場十八：００／開演十八：三十２月二十二日（日）神奈川・秦野市文化会館
111,色っぽく爆笑のうちに描きます。日時８月二十七日（水）、午後６時半〜（開場：午後５時半）場所市民センター大ホール入場料Ａ席（指定席）四千円（当日五千円）Ｂ席（
112,を歌う時にペンライトを出演者に渡す係などの奉仕をさせていただいた。開場までの間は来場者に配布するパンフレットを１枚１枚、三つ折りに折ったり、受付のセッティング
113,開演十七：００３月１日（日）和歌山・和歌山市民会館大ホール開場十六：三十／開演十七：００３月８日（日）北海道・札幌市民ホール
114,〜大地の息吹が響く〜◇日時７月６日（日）開演午後６時三十分（開場三十分前）◇場所名護市民会館大ホール◇入場料大人・二千円小中高生・千円（当日各五百円増）
115,狭い場所に百人はいたと思います凄いぎゅうぎゅうで熱気むんむんとしてました開場２時開演３時だったんですけど、今か今かと待っている方々で一杯でした
116,十一月十五日（土）東京・府中の森劇場・どりーむホール開場十七：三十／開演十八：００十一月二十三日（日）埼玉・大宮ソニックシティ
117,古い玩具」（千九百二十四）など、みなこの時代に書かれている。そして、築地小劇場の開場（千九百二十四）、プロレタリア演劇運動の隆盛―。こうして振り返ってみると、この時期に
118,からの予約連絡アドレスｍｅｓｓａｇｅ＠ｌｉｂｒａｒｙ．ｍｕｓａｓｈｉｎｏ．ｔｏｋｙｏ．ｊｐ■土曜の午後の映画会十二月二十七日（土）午後２時三十分（開場２時十五分）。中央図書館３階視聴覚ホール。中学生以上。七十名（先着順）。「邂逅〜ＬＯＶＥＡＦＦＡＩＲ
119,開演十七：三十２月１日（日）愛知・名古屋国際会議場センチュリーホール開場十五：十五／開演十六：００２月７日（土）兵庫・神戸国際会館こくさいホール
120,土）神奈川県横浜アリーナ一般席／１枚￥六千当選開場十七：００開演十八：０００２二千九／０２／０１（日）神奈川県横浜アリーナ一般席
121,１日（月）〜十五日（月・祝）に直接図書館へ図書館名画座映画会時９月二十四日（水）開場十三：三十開演十四：００場文化プラザさざなみホール内容「パリの大泥棒」先着百人入場無料問図書館市の
122,！その後はトイレ並んで待機（＊ノωノ）十六時に開場なので十分前に外で並んで超寒い〜〜！！風強かったなり・・。
123,会場には楽器に触れるコーナーやお茶席もあります。料金無料全席自由なぎさホール／開場十三：三十開演十四：００９／７日逗子名人会第７回紙工劇落語出演桂小南治林家二楽
124,（渋谷区役所側３Ｆ）ファンクラブ集合時間：十八：三十※入場ハガキをお渡しします。時間厳守でお集り下さい。観覧集合時間：十九：００開場：十九：十五★ファンクラブ会員の方の中から、抽選で御招待します。こちらの観覧に御希望
125,―離れていても―』概要】日時：十二月十四日（日）、開場十五：三十、開演十七：００（終演十九：００予定）場所：横浜アリーナ（横浜市港北区新横浜３−十
126,☆日時二千八年９月二十七日（土）☆場所なかのＺＥＲＯ大ホール☆時間開場十四：００開演十五：００☆前売情報チケットぴあ【Ｐコード：六百十三−三百六十】
127,の広報をします。期日十一月十六日（日）時間午後２時〜４時（開場午後１時三十分）場所文化会館大ホール※入場無料、申込不要問い合わせ消防総務課■■
128,若さあふれる演奏をお楽しみください。日時十二月二十一日（日）午後１時〜４時三十分（開場午後０時三十分）場所クレオ大阪中央大ホール出演校大阪市立天王寺中学校吹奏楽部大阪市立高津中学校吹奏楽部清風中学校・高等学校吹奏楽部上宮中学校・高等学校吹奏楽部大阪市立天王寺商業高等学校音楽部大阪府立夕陽丘高等学校吹奏楽部大阪府立清水谷高等学校オーケストラ・アンサンブル部明星高等学校音楽部興國高等学校吹奏楽部大阪夕陽丘学園高等学校吹奏楽部（
129,ください♪収録日時十二月９日（火）十九時開場予定（放送は十二月二十三日）場所
130,ＧＥＮＪＩＭＯＮＯＧＡＴＡＲＩＡＮＮＩＶＥＲＳＡＲＹ千“宇治”源氏よさこいコンサート十一月二十四日（休）、十：三十〜（開場＝十：００）文化センター大ホール〈全席自由〉◎第１部＝協賛カラオケ発表会◎第２部＝源氏よさこいコンサート入場料は二千五百円チケットは
131,０９＜二千八年＞９月十四日（日）群馬・群馬県民会館開場十七：三十／開演十八：００９月十五日（月・祝）愛知・名古屋国際会議場センチュリーホール
132,新潟市民映画館シネ・ウィンド内）■■☎■■■■■■■■●新潟県歌謡東西杯カラオケ一発決勝大会▼とき十一月三十日（日）開場＝９時開演＝十時三十分▼ところ白根学習館ラスペックホール▼入場料千円（当日券あり）
133,ミステリーナイト行ってきましたよ。着くと老若男女問わず幅広いファンの人が開場を待つ列が出来てました。入場が開始されたらまずはグッツをと思い
134,な方が多い。もちろん、あんなに近くで、あの歌声を聴ける幸福は捨てがたいが開場から開演までの１時間、ティーカップを（そう、お酒じゃなくて紅茶。私はお酒）
135,十一日（日）に、第十三回烏ヶ森公園花まつりが開催されました。当日はあいにくの雨で、開場を三島ホールに移しましたが、三島おはやし会による郷土芸能や歌謡ショーが開催され、多くの観客
136,でも放送されているので、大体の雰囲気は見た方も多いと思います。開場はお昼の十二時だということで、その前にグッズを買えたらいいなと思い、
137,はずもなく、いささか不安な気持ちのまま会場へ。更にグッズ販売で並んでいるとき（開場三十分前）にグッズを乗せたトラックが会場入りするところを発見し（！）不安を更に煽ら
138,に・・・（＾＾；）で、二千九年１月十六日（金）開演十九：００／開場十八：００心斎橋クラブクアトロ関西の人当日券がある可能性が〜￥六千＋五百円ドリンク後、関東で、１／十八
139,自衛隊茨城地方協力本部土浦地域事務所（☎八百二十一．六九八六）催し第十回土浦二高吹奏楽部定期演奏会とき／４月十三日（日）午後２時開演（開場は午後１時三十分）ところ／牛久市中央生涯学習センター文化ホール（牛久市柏田町千六百六‐１）曲目／二千八年課題曲、大阪俗謡
140,うたの夕べ』を開催します〜国際ソロプチミスト登別主催〜▼日時５月二十三日（金）開場十八時、開演十八時三十分▼場所市民会館大ホール▼出演■■■■さん▼入場料２千円▼問い合わせ
141,東区交通安全運動推進委員会・東警察署東区民センター「第２回ほのぼのコンサート」札幌交響楽団メンバーによる弦楽四重奏日時３月二十日（祝）午後６時三十分（開場６時）。会場東区民センター２階「大ホール」。出演者第一バイオリン■■■■■第二バイオリン■■■■
142,の部午後１時開演（開場午後０時三十分）、４時の部午後４時開演（開場午後３時三十分）場所浜北文化センター小ホール内容柳家喬太郎と桂雀々による二人会、「
143,十分前くらいに行っても、自分の整理番号の辺りに入れてもらえるのでしょうか。（開場は１時間前）ライブハウスのスタンディングは、ぎゅうぎゅうで詰め込まれるようなイメージがあるのですが、
144,／１：十三時〜，十六時〜計９公演（上演時間約八十分）日時指定の自由席：開場は開演二十分前です料金：前売二千三百円当日二千五百円☆金曜昼公演のみ前売
145,開演十九：００十月十八日（土）東京・八王子市民会館開場十七：００／開演十七：三十十月二十五日（土）滋賀・滋賀県立芸術劇場びわ湖ホール
146,問い合わせ男女共同参画推進課（☎２３‐５４１９）さなめミニコンサート「さなめラララ♪すてーじ」■とき６日（土）午後７時〜８時（開場午後６時三十分）■ところ米子市淀江文化センター■出演アンサンブル・ヴァンヴェール（クラリネットアンサンブル）■曲目歌劇「魔笛」より
147,開場は、十八時三十分からなのだけど、一番に並んで待ってる。貼り紙してある画像の
148,十七：三十十月十一日（土）神奈川・パシフィコ横浜国立大ホール開場十八：００／開演十九：００十月十二日（日）神奈川・パシフィコ横浜国立大ホール
149,：■■■さん（童話作家）■■■■さんピアノ弾き語り：■■■■さん【日時】３／十五（土）十四：００〜十五：三十（開場十三：三十）【場所】生涯学習センター視聴覚室【対象】幼児〜一般【定員】当日先着六十三人【料金
150,釣狐」「魚屋宗五郎」などが好評だった。明治十一年（千八百七十八）に新富座が開場の際、黙阿弥は燕尾服で出席したが、鹿鳴館が開館して以後欧化主義が一段と高まり
151,いきいき生活当日先着百人【日程】８月７日（木）午後１時三十分〜３時三十分（開場午後１時）【会場】磯子区役所７階【講師】■■■さん（東京都老人総合研究所介護予防緊急対策室研究員理学療法士）
152,土）開場十：００第３回女子全世界空手道選手権第１回壮年国際空手道選手権Ｂ席二千円（前売り同じ／全席自由）６月十日（日）開場十：００二千一全世界ウェイト制空手道選手権Ｓ席五千円（前売り四千五百円／１階指定）Ａ席四千円（前売り三千五百円／２階自由）
153,。左手には、遠くに「パースリーコンテスト」の森が見えるのです。開場七十五年目を迎え、さらに「美しさと感動」を与えるコースなのです。
154,十七：００３月二十日（金・祝）広島・ＡＬＳＯＫホール（広島県立文化芸術ホール）開場十六：三十／開演十七：００３月二十二日（日）奈良・なら百年会館
155,十六：００で、スタジアムの開場は十三：００です。前日場所取りのシート貼りをしておいたのですが、開場三十分前には列整理が行われ、シート貼りした場所に戻っていなければなりません。
156,で訴える人権尊重と命の尊さ」〜とき十二月７日（日）午後２時から（開場午後１時三十分）ところミリカローデン那珂川文化ホール内容講演会入場料無料問い合わせ先人権政策課人権・同和政策担当☎９５３‐２２１１
157,十二日（土）一部＝午後２時から（開場１時三十分）、二部＝４時三十分（開場４時）○会場東急まちだスターホール○定員各回百四十四人（先着順）※十二月中旬に、
158,で、二十周年記念コンサートを開催します。【日時】十月二十六日（日）○昼の部開場／十二時三十分開演／十三時終演／十五時三十分予定○夜の部開場／十七時三十分
159,開演十七：００３月二十九日（日）香川・サンポートホール高松開場十六：三十／開演十七：００
160,開演十七：三十２月８日（日）兵庫・神戸国際会館こくさいホール開場十五：十五／開演十六：００２月十一日（水・祝）宮城・仙台サンプラザホール
161,のファミリーポップコンサート◎とき＝８月十七日（日）１午前十一時〜、２午後２時〜（開場は各回三十分前）◎ところ＝中央公民館サンホール―駐車場が狭いので車での来館は控えてください
162,コンサートです。異色音色のコラボレーションをお楽しみください。日時３月十五日（土）午後１時三十分（開場１時）。会場１階「体育室」。出演者琴■■■■■ほか２名ビオラ■■■■
163,か楽しみです。日程：二千八年十月二十三日（木）会場：ＳＴＵＤＩＯＣＯＡＳＴ（東京・新木場）開場：十八：００／開演：十九：００
164,■ＤＲＥＡＭ．８ウェルター級ＧＰ二千九開幕戦４月５日（日）愛知・日本ガイシホール開場十五：００開始十六：００−−−−−今はなきプライドのあとは、このドリームに
165,午前十一時過ぎになってキャンセルの知らせのメールが入りました。（開場は午後２時）急いで用意をして参加させてもらった次第です。
166,のすすめくうよりたべるへ８月９日（土）詩人高橋睦郎による講演会十五：００〜（開場十四：三十）栄養士による食事相談十六：三十〜十八：００＊美術展受付で聴講券（先着百人）、食事相談券（
167,平岡の妻・静子の要望で、千九百二十年（大正九年）三月に日本で初の営業ダンスホールが開場。千九百二十六年（大正十五年）九月二十三日には、関東初の室内アイススケートリンクが完成するなど、「児童本位
168,１月三十一日（土）午後６時三十分〜、２月１日（日）午後２時〜※開場は開演の三十分前会場＝長崎ブリックホール大ホール特設小劇場定員＝各二百人チケット料金（前売り）＝
169,開演十七：三十十月３日（金）東京・国際フォーラム・ホールＡ開場十八：００／開演十九：００十月５日（日）千葉・松戸・森のホール二十一
170,人当日券がある可能性が〜￥六千＋五百円ドリンク後、関東で、１／十八（ＳＵＮ）渋谷Ｏ−ｎｅｓｔ開場十八：００／開演十九：００、前売五千五百／当日六千＋五百円ドリンク前売りは、ソルドアウトしてたから・・
171,その向こうに若者がみた真実とは―。とき２月二十九日（金）開場＝午後６時四十分（■■■■あいさつ）上映開始＝午後７時からところ市中央公民館●問い合わせ市民協働課
172,冬休み子ども劇場人形劇などを楽しみませんか日時１月十九日（土）午後１時三十分〜３時（開場１時）。内容人形劇、腹話術、マジックショー、バルーンショーほか会場１階「体育室」。対象・費用幼児（保護者同伴）
173,（☎２３‐５２００）海上自衛隊舞鶴音楽隊「ふれあいコンサート」▶とき三十日（日）午後２時（開場午後１時）▶ところ米子コンベンションセンター※入場無料ですが、事前に整理券が必要です。自衛隊米子地域事務所
174,一人でやってきた。この駅は今、〈鎌倉シネマワールド〉の宣伝と、この開場が大きくものをいって、非常に繁盛している駅になっていた。ただ、乗降客
175,水）に電話で。抽選あり。第十回和歌の浦万葉薪能日時十月十二日（日）開場十六時三十分開演十七時三十分場所片男波公園野外ステージ（雨天の場合、健康館アリーナ）演目
176,開演十七：００２月二十八日（土）福島・福島県文化センター開場十六：三十／開演十七：００３月１日（日）和歌山・和歌山市民会館大ホール
177,による講演会当日先着百二十人【日程】７月二十九日（火）午後１時三十分〜３時三十分（開場午後１時）【会場】磯子区役所７階【対象】市内在住、在勤、在学【問合せ
178,てみませんか。■とき二十三日（日）午前十時〜午後十二時三十分（開場９時三十分）■ところ米子市文化ホール（イベントホール）■テーマ「米子市のブランド力を高めるに
179,８月２日（土）一般発売８月３日（日）よりプラザ名画座８／二十一木なぎさホール／開場十三：三十開演十四：００賢治のトランク（千九百九十六年七十二分）・セロ弾きのゴーシュ（千九百八十二年六十三分
180,！「■■■■■■■■■■■ギターリサイタル」◆日時９月３日（水）◆開演午後７時（開場６時三十分）◆場所名護市民会館大ホール◆前売二千円当日二千五百円◆主催アミー
181,開演十七：三十十月二十六日（日）滋賀・滋賀県立芸術劇場びわ湖ホール開場十五：十五／開演十六：００十一月３日（月・祝）福岡・福岡サンパレス
182,詩と歌の世界」佐久間地域自治センター地域振興課☎九百六十六．〇〇〇一日時十一月十五日（土）午後３時開演（開場は三十分前）場所佐久間歴史と民話の郷会館大ホール（天竜区佐久間町佐久間）出演加藤登紀子（ピアノ
183,開演十七：００１月二十四日（土）大阪・大阪厚生年金会館大ホール開場十六：四十五／開演十七：三十１月二十五日（日）大阪・大阪厚生年金会館大ホール
184,なったとか現実逃避とかそんなんじゃないからね。ホントだってば…って、開場まであと三十分しかないじゃない！どうしてもっと早く呼びに来てくれないのよ！」
185,開演十九：００十一月二十四日（月・祝）埼玉・大宮ソニックシティ開場十五：十五／開演十六：００＜二千九年＞１月４日（日）栃木・宇都宮市文化会館
186,による、男女の情痴の世界を描く爆笑の喜劇●日時９月二十日（土）開場十三時三十分開演十四時●場所大ホール●チケット（全席指定）※好評発売中・会員料金…四千五百円
187,／（財）地域創造料金一般前売三千五百円一般当日四千円小・中学生千五百円全席指定ホキス逗ヤ島８／十五金さざなみホール／開場十七：００開演十七：二十文化プラザホールのライブハウス企画逗子ＮＥＸＴＷＡＶＥＴＥＥＮＳ’ＤＡＹ！二千八中学生・高校生限定！ここ
188,はもらったチケットで行ったので、のんびりゆったりと過ごしてきました。９時の開場に合わせて着くことが出来たので、とりあえず、どうしても乗りたかったタワー・オブ・テラーのファストパスへ。二十分
189,、イタリアの心を歌うジュゼッペ・サッバティーニ。サントリーホール十八周年記念ガラ・コンサート『響』●十月２日（土）開場十七：００、開演十八：００料Ｓ席２万二千円、Ａ席２万円、Ｂ席１万七千円、Ｃ席１万円チケット予約および
190,日時：６月二十一日（土）午後６時分開場＜詳細はこちらをクリックしてください
191,）におたずねください。平成二十年度（第四十四回）米子人生大学会場米子市文化ホール時間午後２時〜４時（開場午後１時三十分）・午後２時〜３時市長講演・午後３時十分〜閉講式※
192,市民先行発売９月二十日（土）、一般発売９月二十一日（日）から十二／十四日なぎさホール／開場十四：三十開演十五：００二期会クラシッククリスマス聖夜に贈る歌の花束出演鵜木絵里（
193,開演十七：三十十月二十五日（土）滋賀・滋賀県立芸術劇場びわ湖ホール開場十六：四十五／開演十七：三十十月二十六日（日）滋賀・滋賀県立芸術劇場びわ湖ホール
194,・東区役所東区交通安全運動推進委員会・東警察署ほのぼのコンサート「フルート・バイオリン・ハープの響き」日時９月二十日（土）午後２時（開場１時三十分）。会場１階「体育室」。出演■■■■（フルート）、■■■■（
195,二日控えての「前哨戦的意味」もある。早めにいって、原宿あたりで、スケッチ。開場は、６時ということで、腹ごしらえもして、５時半頃、向かう。原宿の駅、
196,ますシンポジウム分権時代の自治体運営の基本ルールを考える十二月二十一日（日）午後１時〜４時三十分（開場０時三十分）●市役所八百十一会議室地方分権時代の本格的な到来を受け，武蔵野市にふさわしい自治体運営が
197,月）より開館■十二月のどっきんどようび十二月十三日（土）午後２時三十分（開場２時十五分）。中央図書館３階視聴覚ホール。幼児・小学生および保護者。七十名（先着順）。映画会「クリスマスの
198,市内で活動している３団体合同の合唱祭を開催します。・日時＝３月二十二日（土）開場午後１時三十分、開演午後２時・場所＝国分シビックセンター多目的ホール・出演団体＝国分・隼人・横川各少年少女合唱団※入場無料（入場整理券を
199,十月は中国人の祭事があってホテル料金は一気に値上がりします今年の十月はデズニーランドの開場で中国本土から人が殺到するので例年より余慶高くなる筈です航空料金と滞在料金を比較して
200,「老いの風景」作者■■■■さん【日時】１／二十三（水）十三：三十〜十五：三十（開場十三：００）【場所】生涯学習センター第３．４集会室【対象】どなたでも【定員】先着五十一人【料金
201,、矢掛でもおなじみのウィーン・フィルメンバーと春の共演！【とき】５月十日（土）開場十五：００開演十五：三十公開ワークショップ十三：００〜（チケット購入者に限り招待します。）【ところ】や
202,守山区の日記念事業元気発表会【日時】２／十七（日）十：００〜十五：００（開場９：三十、記念式典十：００〜）【場所】守山文化小劇場（名鉄小幡駅前アクロス小幡３Ｆ）昭和三十八年２月十五日
203,日程二千八年８月十六日（土・深夜）時間開場二十三：三十〜開演二十四：三十〜会場ＺｅｐｐＴｏｋｙｏ
204,歴史の中で通年の公演が実現したのは二、三年に過ぎない。昭和九年の開場の年は完全に通年であったが、次の年は十二月は別の劇団の
205,ジャンルのトップＤＪやバンドによるパフォーマンス・日時＝５月３日（土）、４日（日）開場午前十時、開演午前十一時三十分〜午後十時・場所＝みやまコンセール・料金＝１ＤＡＹ六千円、２ＤＡＹ
206,メッセージ〜淀江から見える世界史〜」■とき十二月十三日（土）午前十時〜（開場９時三十分）■ところ米子市淀江文化センターさなめホール※入場は無料ですが、整理券が必要です
207,。問合先別府市老人クラブ連合会☎２７‐９３３０別府市民交響楽団ＢＥＰＰＵＣＩＴＩＺＥＮＳＣＯＮＣＥＲＴ市民コンサート１月二十日（日）開場十三時三十分開演十四時ビーコンプラザフイルハーモニアホール曲目スッペ作曲軽騎兵序曲モーツァルト作曲クラリネット協奏曲第２楽章ハイドン作曲
208,を映像にした「新にいがた市紀行」上映会を行います。■とき２月十六日（土）開場＝午後１時上映＝午後１時三十分〜３時二十分■ところ白根学習館ラスペックホール■その
209,環境シンポジウムを開催します。◎とき＝平成二十一年１月十八日（日）午後１時〜５時（開場は午後零時三十分）◎ところ＝中央公民館サンホール―駐車場が狭いので、公共交通機関を利用してください。
210,「長崎ぶらぶら節」（文学座）日時１月二十六日（土）開演十八時三十分（開場十八時）場所ビーコンプラザフィルハーモニアホール費用会員制です。（入会金三千円、会費月千九百円）問
211,から夢を実現するまで〜日時七月十七日（木）午後七時〜午後八時三十分（開場午後六時三十分）場所市社会福祉センター三階大ホール※入場は無料ですが、入場整理券が必要です
212,伊原剛志ほか◇とき…十月十二日（日）。〈２回上映〉◎午前十時半〜（開場：午前十時）◎午後２時〜（開場：午後１時半）◇ところ…文化センター大ホール◇定員
213,ヤクザの中では博徒という部類に属する。現代の主な営業はノミ屋と賭場の開場だが…お祭りの出店なんかで屋台を出したりするテキ屋、というものもある。
214,すぐ近くの会場・ボトムラインに着いたら既に開場待ちの客が並んでいた。で、すぐに開場となり、私もすぐに入れた。客の入りは五十人少しといったところ
215,文化を高める会会員無料招待コンサート中国琵琶コンサート中国琵琶演奏家の■■によるコンサート●日時５月三十日（金）開場十八時、開演十八時三十分●場所大ホール●対象光の文化を高める会の会員
216,も披露。【生涯学習課ＴＥＬ４３５‐１１３８】十六日（土）ファミリーカーニバル♪二千八時間十二：００〜十六：００（開場十一：００）親子が触れ合える環境イベントを開催。入場無料。場所市民会館小ホール【（社）和歌山青年会議所ＴＥＬ４２８‐３３３４】
217,が４月二十九日、東京・西武池袋本店イルムス館で開幕した。坂井泉水さんが所属したビーイングが全面協力する初の公式展覧会で開場４時間前の午前６時までに約百人が列をつくる盛況ぶり。写真三十二点や衣装などが展示さ
218,直接センターへ。応募多数の場合抽選。第十回和歌の浦万葉薪能日時十月十二日（日）開場十六時三十分開演十七時三十分場所片男波公園野外ステージ（雨天時、健康館アリーナ）参加協力券三千円（
219,特集第２回＊プロジェクター上映料金一般前売五百円一般当日七百円全席自由ホ逗９／十五月・祝なぎさホール／開場十三：００開演十四：００能三昧能狂言公演仕舞「松風」観世銕之丞狂言「痺」野村万蔵能「鞍馬天狗」
220,）会場：大津市民会館大ホール上映時間：１回目の上映開場十二：００開演十二：三十終演十三：五十２回目の上映開場十四：三十開演十五：００終演十六：二十チケット代：全席自由千円（税込み）（※チケットは現地
221,。【講師】■■■■■■■■■さん（中国琵琶奏者・中部大学国際関係学部国際文化学科常勤講師）【日時】２／二十七（水）十四：００〜十五：三十（開場十三：三十）【場所】守山文化小劇場（名鉄小幡駅前アクロス小幡３Ｆ）【定員】四百人（事前申込不要）【
222,９月６日（土）十二：００までに第一運動公園テニスコート事務所へ問体育協会池子フレンドシップデー５キロマラソン大会時９月二十日（土）開場９：００スタート十：三十雨天翌日小雨決行場イケゴヒルズ種目２．５ｋｍ５〜十二歳５ｋｍ十三〜十七歳
223,■■■■（東京藝術大学講師）料金一般千五百円定員五十人ホキス逗ヤ島十／十八土なぎさホール／開場十四：三十開演十五：００バッハ・コレギウム・ジャパンバッハ家の音楽会バロックダンスとともに料金一般前売四千円一般当日四千五百円
224,※画像はＤＶＤのものです。日時：二千九年３月二十九日（日）開場：十四：００開演：十五：００（予定）場所：大阪城ホールチケット料金：一万二千円（全席指定）主催：
225,ことになった。赤星四朗氏の最高傑作といわれるゴルフ場で、確か昭和三十九年（千九百六十四年）秋の開場であった。ゴルフショップを岩田屋のゴルフ売場で担当することになった。その準備で何度となくゴルフ場
226,独）科学技術振興機構社会技術研究開発センター○日時：二千九年３月十四日（土）十：００〜十八：００（開場９：三十）○場所：ＫＦＣホール（東京都墨田区横網１−６−１国際ファッションセンター内）○
227,たステージをお楽しみください。❖とき…十月二十五日（土）、午後１時〜午後４時（開場は午後０時半）❖ところ…文化センター大ホール❖参加費…無料❖ゲスト…宇治市少年少女合唱団問生涯学習センター（☎
228,を差し上げます。日程：二千八年十月二十五日（土）会場：大津市民会館大ホール上映時間：１回目の上映開場十二：００開演十二：三十終演十三：五十２回目の上映開場十四：三十開演十五：００終演十六：二十チケット代：
229,をはかり、文化の向上に寄与する」ことです。同年十一月には、大・小劇場が開場、また、千九百七十九年には隣接する国立演芸資料館（国立劇場本館に隣接）が、千九百八十三年には国立能楽堂（
230,出会えてよかったなあ〜日時七月十日（木）午後七時〜午後八時三十分（開場午後六時三十分）場所戸波総合市民センター二階ホール※入場は無料です。※多くの皆さんの
231,全席指定＊０歳から座席指定券が必要です。ホ市民企画事業９／二十三火・祝なぎさホール／開場十二：二十開演十三：００愛のメッセンジャーウクレレ・フラ・ジョイントコンサート出演ウクレレアンサンブルナニ・ワイメア、スクールオブアロハ、レアレアウクレレガーデン、
232,８月二十七日（水）午後６時三十分、二十八日（木）午後２時・午後６時三十分開演（開場は開演の三十分前）、新宿文化センターで。角膜医療を取り巻く人間ドラマを描くミュージカル。￥一般六千円・中学生以下
233,はいられました」と言ってくれたので、多分その車だったのでしょう。でも開場までしばらくあるし涼しいので私はまだそこにいることにして、チケットを持っ
234,開演十七：００１月十日（土）岡山・岡山市民会館開場十六：三十／開演十七：００１月十二日（月・祝）山口・山口市民会館
235,な３公演セット券八千円（第７回、第８回逗子名人会＋なぎさ寄席）９／７日さざなみホール／第１部開場十：十開演十：三十〜（約三十分）第２部開場十一：十五開演十一：三十〜（約四十五分）かみしばいアンサンブルよこはま
236,開演十七：００１月十二日（月・祝）山口・山口市民会館開場十六：三十／開演十七：００１月十七日（土）新潟・新潟県民会館
237,開演十七：００１月十八日（日）福井・福井市文化会館開場十六：三十／開演十七：００１月二十四日（土）大阪・大阪厚生年金会館大ホール
238,開演十六：００１月三十一日（土）愛知・名古屋国際会議場センチュリーホール開場十六：四十五／開演十七：三十２月１日（日）愛知・名古屋国際会議場センチュリーホール
239,＠Ｐｌａｚａ公演へご来場ください。＊ペア券は、文化プラザホールでのみ取り扱い。十二／十水なぎさホール／開場十：三十開演十一：０００歳から就学前のお子様とそのご家族のための小さなコンサートＢＥＢＥ＠Ｐｌａｚａ
240,場所です。芸術とか全くわかりませんが、たまーに触れたくなります。開場９時のところに９：二十くらいにつきました。既にけっこう人がいまして十分待ち
241,です。若い音楽家たちの情熱あふれる演奏をお届けします。日時１月二十七日（日）〈開場〉午後１時三十分〈開演〉午後２時場所浜北文化センター小ホール入場料／定員無料／
242,ある展覧会は物凄く混雑する。一番空いてそうな木曜日の朝一で行ってみた。開場三十分前、六十〜七十人程度の行列だった。何とか、ゆったりと見ることができた。フェルメールは寡作で
243,ＫＩＤ’ｓエコロジーコンサート二千八ｉｎ南箕輪村〜蛍火の空の下で〜■日時８月４日（月）開場／午後５時三十分開演／午後６時■会場村民センターホール■入場料無料（開場時に
244,とな〜んと、ナックスの５人中３人をいきなり見ちゃいましたなんてラッキー！十時のグッツ売り場が開場となり凄い人です（＾＾；今回も色々と買わせて頂きましたグッツの紹介は、
245,ぜひ、私たちの演奏を聴きにきてください。▼とき…十二月二十一日（日）開場：午後１時三十分、開演：午後２時▼ところ…横須賀高校（横須賀）※校舎耐震工事に伴い
246,方ならどなたでもどうぞ！◇日時７月二十三日（水）午後４時〜６時（開場３時四十五分）◇場所名護市立中央図書館ＡＶホール※中央図書館で入場整理券を配布いたします。電話で
247,開演十六：００十月十六日（木）埼玉・サンシティ越谷市民ホール開場十八：三十／開演十九：００十月十八日（土）東京・八王子市民会館
248,第二十六回浜北寄席浜北文化センター☎五百八十六．五一五一日時２月十五日（日）１時の部午後１時開演（開場午後０時三十分）、４時の部午後４時開演（開場午後３時三十分）場所
249,土）受付／午前十一時三十分開始／午後０時三十分【本選】４月十三日（日）開場／午前十一時開演／午前十一時四十分●会場輪島市文化会館●出演ゲスト／鳥羽一郎・長山洋子出場者／
250,〜皆で歌いましょう〜」十二月十七日（水）午後１時三十分〜３時十五分（開場１時）。スイングホール。百八十名（先着順）。講師：高齢者の音楽を考える会。無料
251,おもしろい〜申問ネットワークかけがわ事務局（地域振興課内・☎２１‐１１２９）とき平成二十一年１月三十一日（土）開場：午後０時三十分開演：午後１時ところ徳育保健センター（御所原）内容定年後の夫婦
252,演劇公演『ニングル』を開催します〜登別市・室蘭市・伊達市三市合同文化事業〜▼日時６月４日（水）開場十八時、開演十八時四十五分▼場所室蘭市文化センター（室蘭市幸町６‐二十三）▼入場料指定席
253,無料。申当日，直接会場へ。■すずかけの映画会十二月二十一日（日）午後２時（開場１時四十五分）。西部図書館２階おはなしの部屋。中学生以上。三十名（先着順）。「私の
254,。日時：二千八年十一月二十九日（土曜日）ＰＭ１：三十開場場所：末日聖徒イエス・キリスト教会・所沢ワードの教会堂ＰＭ１：三十開場１：四十ロビー演奏（十＋００）・水上の音楽・もみじ
255,音響さんチームのセットアップを待って十一時過ぎからサウンドチェック＆リハーサルを開始しました。会場の外ではすでに開場を待ちわびるお客様の列が…たくさんの皆様が早い時間帯から会場の外へ並んでおら
256,ダニエル・ヘニーＪａｐａｎＦａｎＭｅｅｔｉｎｇｉｎＴＯＫＹＯ二千八公演日二千八年８月三十日（土）開場十五時開演十六時場所渋谷Ｃ．Ｃ．Ｌｅｍｏｎホール（東京）プレリザーブ申込期間二千八年７月十八日午前十一時〜
257,からはじめるための講演会を開催します。とき十一月十五日（土）十：００〜十一：三十（開場９：三十）ところホテル宍道湖（西嫁島２丁目十‐十六）鳳凰の間講師■■■■さん
258,こども（小学生以下）千円全席指定ホキス逗ヤ島コンサートあいのてさんａｉｎｏｔｅ‐ｓａｎ８月十一日（月）開場十四：三十開演十五：００料金一般千二百円こども（小学生以下）八百円全席指定ホキス逗ヤ島さざなみホールの
259,。申当日，直接会場へ。■黄昏時の映画会十二月十一日（木）午後５時十五分（開場５時）。吉祥寺図書館２階集会室。中学生以上。四十名（先着順）。「白夜」（千九百五十七年，イタリア
260,て外れはがきには二千枚くらいの応募があったって書いてたんだって。１時に開場でちょうど１時くらいに着き表彰式だのなんだのの後始まりましたぁ♪野茂
261,笑いあり感動ありのコンサートです。日時５月三十一日（土）午後１時三十分〜４時（開場０時三十分）。会場東区民センター２階「大ホール」。内容国定忠治一人芝居、歌謡、懐メロ、
262,。九時半頃ＮＨＫホールに到着。入口前の列に並ぶ。当日はかなりの強風で、開場までの間にも列から子供が七、八人吹き飛ばされていった。ウソだけど。
263,に、多くの市民の協力で完成しました。日時９月二十日（土）開場十三：三十開演十四：００場所勤労者総合センター６階文化ホール定員百五十人（応募多数の場合は抽選）入場料
264,十一時受付開始場所ビーコンプラザフィルハーモニアホール問合先市教委生涯学習課☎２１‐１５８７別府商工会議所青年部第二十五回経営講演会日時１月二十九日（火）開場十八時開演十九時場所ビーコンプラザフィルハーモニアホールテーマ「想いは伝わる」愛と感動
265,おしらせします。レ・フレール２ｎｄアルバム「ピアノ・ピトレスク」発売記念ライブＰｉａｎｏＰｉｔｔｏｒｅｓｑｕｅｉｎＷＡＫＡＹＡＭＡ日時十一月十四日（金）開場十八：００開演十八：三十場所和歌山市民会館ホール入場料全席指定五千円（当日五千五百円）出演者
266,ほり）開所十周年記念の映画上映会を行います。とき十一月二十一日（金）十三：三十〜十五：三十（開場十三：００）ところ松江市総合福祉センター４階大ホール（千鳥町七十番地）入場料千円申込み電話でお申し込みください。
